,danceability,energy,key,loudness,mode,speechiness,acousticness,instrumentalness,liveness,valence,tempo,type,id,uri,track_href,analysis_url,duration_ms,time_signature
0,0.618,0.806,7,-5.308,1,0.0317,0.0179,0.776,0.181,0.222,140.009,audio_features,4YCVbp6suJ2Ayk9EtWQJuR,spotify:track:4YCVbp6suJ2Ayk9EtWQJuR,https://api.spotify.com/v1/tracks/4YCVbp6suJ2Ayk9EtWQJuR,https://api.spotify.com/v1/audio-analysis/4YCVbp6suJ2Ayk9EtWQJuR,259849,4
1,0.706,0.863,4,-6.386,0,0.0475,0.0131,0.834,0.119,0.309,142.007,audio_features,2HhhhHfVEmz09NAb0FxgDW,spotify:track:2HhhhHfVEmz09NAb0FxgDW,https://api.spotify.com/v1/tracks/2HhhhHfVEmz09NAb0FxgDW,https://api.spotify.com/v1/audio-analysis/2HhhhHfVEmz09NAb0FxgDW,230074,4
2,0.792,0.919,6,-9.028,0,0.0819,0.137,0.151,0.274,0.711,128.968,audio_features,5qKuF0NtvWVn5UarAgyli3,spotify:track:5qKuF0NtvWVn5UarAgyli3,https://api.spotify.com/v1/tracks/5qKuF0NtvWVn5UarAgyli3,https://api.spotify.com/v1/audio-analysis/5qKuF0NtvWVn5UarAgyli3,186625,4
3,0.684,0.997,8,-5.538,1,0.0579,0.00255,0.779,0.253,0.514,142.01,audio_features,0lIOamNC6EMXu1AgPyzSTD,spotify:track:0lIOamNC6EMXu1AgPyzSTD,https://api.spotify.com/v1/tracks/0lIOamNC6EMXu1AgPyzSTD,https://api.spotify.com/v1/audio-analysis/0lIOamNC6EMXu1AgPyzSTD,299387,4
4,0.594,0.767,5,-3.706,1,0.371,0.00152,8.47E-05,0.346,0.717,129.955,audio_features,0LKAbdXTieXQrjuImr9B9u,spotify:track:0LKAbdXTieXQrjuImr9B9u,https://api.spotify.com/v1/tracks/0LKAbdXTieXQrjuImr9B9u,https://api.spotify.com/v1/audio-analysis/0LKAbdXTieXQrjuImr9B9u,140538,4
5,0.87,0.685,10,-5.829,0,0.237,0.11,0.000299,0.119,0.204,131.986,audio_features,5CaUUACiQFEf4zR5WoeIrp,spotify:track:5CaUUACiQFEf4zR5WoeIrp,https://api.spotify.com/v1/tracks/5CaUUACiQFEf4zR5WoeIrp,https://api.spotify.com/v1/audio-analysis/5CaUUACiQFEf4zR5WoeIrp,180000,4
6,0.629,0.694,11,-6.809,0,0.0381,0.295,0.796,0.137,0.226,129.01,audio_features,1ojCQ0v59O77rKZbwN8aQh,spotify:track:1ojCQ0v59O77rKZbwN8aQh,https://api.spotify.com/v1/tracks/1ojCQ0v59O77rKZbwN8aQh,https://api.spotify.com/v1/audio-analysis/1ojCQ0v59O77rKZbwN8aQh,336541,4
7,0.789,0.808,7,-5.889,0,0.0409,0.19,0.718,0.119,0.59,135.026,audio_features,0Q7PR1J2BDz9VdONFGBJoU,spotify:track:0Q7PR1J2BDz9VdONFGBJoU,https://api.spotify.com/v1/tracks/0Q7PR1J2BDz9VdONFGBJoU,https://api.spotify.com/v1/audio-analysis/0Q7PR1J2BDz9VdONFGBJoU,179333,4
8,0.713,0.848,0,-5.566,1,0.0471,0.00331,0.00625,0.264,0.822,159.989,audio_features,0XMWc0qrKeJnRzzyMj9Q7D,spotify:track:0XMWc0qrKeJnRzzyMj9Q7D,https://api.spotify.com/v1/tracks/0XMWc0qrKeJnRzzyMj9Q7D,https://api.spotify.com/v1/audio-analysis/0XMWc0qrKeJnRzzyMj9Q7D,249023,4
9,0.796,0.65,11,-7.179,0,0.272,0.0352,1.09E-06,0.114,0.852,132.997,audio_features,3PHuxF4HAHteJUSezfBRj2,spotify:track:3PHuxF4HAHteJUSezfBRj2,https://api.spotify.com/v1/tracks/3PHuxF4HAHteJUSezfBRj2,https://api.spotify.com/v1/audio-analysis/3PHuxF4HAHteJUSezfBRj2,211000,4
10,0.595,0.849,6,-6.279,1,0.111,0.0233,0.0644,0.125,0.461,136.971,audio_features,1ka96CzPUdKdTyz1YqPQVG,spotify:track:1ka96CzPUdKdTyz1YqPQVG,https://api.spotify.com/v1/tracks/1ka96CzPUdKdTyz1YqPQVG,https://api.spotify.com/v1/audio-analysis/1ka96CzPUdKdTyz1YqPQVG,183679,4
11,0.492,0.741,1,-9.88,1,0.0431,0.325,0.649,0.137,0.202,130.002,audio_features,3xNZZtpAzqx2Y29pgsxqo0,spotify:track:3xNZZtpAzqx2Y29pgsxqo0,https://api.spotify.com/v1/tracks/3xNZZtpAzqx2Y29pgsxqo0,https://api.spotify.com/v1/audio-analysis/3xNZZtpAzqx2Y29pgsxqo0,333548,4
12,0.597,0.905,10,-8.415,0,0.0387,0.000774,0.305,0.243,0.818,149.984,audio_features,2FAik0wCT2bEcXMeYhoTkj,spotify:track:2FAik0wCT2bEcXMeYhoTkj,https://api.spotify.com/v1/tracks/2FAik0wCT2bEcXMeYhoTkj,https://api.spotify.com/v1/audio-analysis/2FAik0wCT2bEcXMeYhoTkj,164984,4
13,0.7,0.872,9,-7.813,0,0.0492,0.129,0.869,0.0613,0.381,140.987,audio_features,5IRzClFKHGNfPhQFhKD2IP,spotify:track:5IRzClFKHGNfPhQFhKD2IP,https://api.spotify.com/v1/tracks/5IRzClFKHGNfPhQFhKD2IP,https://api.spotify.com/v1/audio-analysis/5IRzClFKHGNfPhQFhKD2IP,137872,4
14,0.333,0.927,11,-5.813,0,0.0663,0.000259,0.809,0.0485,0.384,139.999,audio_features,5wnpLkYwuvWIll9tZkcgnN,spotify:track:5wnpLkYwuvWIll9tZkcgnN,https://api.spotify.com/v1/tracks/5wnpLkYwuvWIll9tZkcgnN,https://api.spotify.com/v1/audio-analysis/5wnpLkYwuvWIll9tZkcgnN,199279,4
15,0.76,0.664,5,-5.233,0,0.205,0.0572,0.00356,0.148,0.633,127.016,audio_features,5PFSQQxlsdUrR63J31spMv,spotify:track:5PFSQQxlsdUrR63J31spMv,https://api.spotify.com/v1/tracks/5PFSQQxlsdUrR63J31spMv,https://api.spotify.com/v1/audio-analysis/5PFSQQxlsdUrR63J31spMv,237979,4
16,0.579,0.887,1,-6.807,0,0.0515,0.402,0.937,0.116,0.486,136.982,audio_features,1SmQp1FgwDVYh1GGlSUHEC,spotify:track:1SmQp1FgwDVYh1GGlSUHEC,https://api.spotify.com/v1/tracks/1SmQp1FgwDVYh1GGlSUHEC,https://api.spotify.com/v1/audio-analysis/1SmQp1FgwDVYh1GGlSUHEC,337885,4
17,0.481,0.57,11,-6.622,0,0.0375,0.127,0.822,0.0737,0.341,130.019,audio_features,2PWaZUHJw93vdtTNdR7NBd,spotify:track:2PWaZUHJw93vdtTNdR7NBd,https://api.spotify.com/v1/tracks/2PWaZUHJw93vdtTNdR7NBd,https://api.spotify.com/v1/audio-analysis/2PWaZUHJw93vdtTNdR7NBd,259119,4
18,0.566,0.85,2,-8.328,1,0.0413,0.33,0.888,0.334,0.0753,138.004,audio_features,71wXjDIrkQ4L40e0eh6Jz1,spotify:track:71wXjDIrkQ4L40e0eh6Jz1,https://api.spotify.com/v1/tracks/71wXjDIrkQ4L40e0eh6Jz1,https://api.spotify.com/v1/audio-analysis/71wXjDIrkQ4L40e0eh6Jz1,244990,4
19,0.632,0.836,4,-8.003,0,0.0377,0.00131,0.479,0.112,0.291,139.992,audio_features,0BvGRysvBiEOq6tcamIHyO,spotify:track:0BvGRysvBiEOq6tcamIHyO,https://api.spotify.com/v1/tracks/0BvGRysvBiEOq6tcamIHyO,https://api.spotify.com/v1/audio-analysis/0BvGRysvBiEOq6tcamIHyO,219643,4
20,0.602,0.978,4,-6.027,0,0.0613,0.0285,0.0289,0.346,0.498,156.958,audio_features,0tw9UWpHoJCSesaoE4912U,spotify:track:0tw9UWpHoJCSesaoE4912U,https://api.spotify.com/v1/tracks/0tw9UWpHoJCSesaoE4912U,https://api.spotify.com/v1/audio-analysis/0tw9UWpHoJCSesaoE4912U,203320,4
21,0.823,0.646,11,-5.886,0,0.058,0.0551,0,0.172,0.474,140.059,audio_features,3sn7UM54xyAUjfR9rNxZwp,spotify:track:3sn7UM54xyAUjfR9rNxZwp,https://api.spotify.com/v1/tracks/3sn7UM54xyAUjfR9rNxZwp,https://api.spotify.com/v1/audio-analysis/3sn7UM54xyAUjfR9rNxZwp,206931,4
22,0.641,0.99,6,-7.147,0,0.0672,0.00796,0.863,0.0772,0.919,147.988,audio_features,3qkCJ3Zw1I6c3xPjAXQz7b,spotify:track:3qkCJ3Zw1I6c3xPjAXQz7b,https://api.spotify.com/v1/tracks/3qkCJ3Zw1I6c3xPjAXQz7b,https://api.spotify.com/v1/audio-analysis/3qkCJ3Zw1I6c3xPjAXQz7b,298378,4
23,0.558,0.563,10,-7.051,1,0.231,0.524,0.0385,0.106,0.476,168.427,audio_features,29S3SNhCCRZSVm0VUQYet6,spotify:track:29S3SNhCCRZSVm0VUQYet6,https://api.spotify.com/v1/tracks/29S3SNhCCRZSVm0VUQYet6,https://api.spotify.com/v1/audio-analysis/29S3SNhCCRZSVm0VUQYet6,155597,5
24,0.645,0.946,2,-7.061,1,0.0503,0.176,0.776,0.145,0.285,139.933,audio_features,2uuvHEK3B5fvP3uh1hr5Ls,spotify:track:2uuvHEK3B5fvP3uh1hr5Ls,https://api.spotify.com/v1/tracks/2uuvHEK3B5fvP3uh1hr5Ls,https://api.spotify.com/v1/audio-analysis/2uuvHEK3B5fvP3uh1hr5Ls,182160,4
25,0.298,0.911,1,-3.11,1,0.0994,7.78E-05,0.31,0.175,0.0866,173.909,audio_features,7KaF3RQY4BFMZCoUD5U7m2,spotify:track:7KaF3RQY4BFMZCoUD5U7m2,https://api.spotify.com/v1/tracks/7KaF3RQY4BFMZCoUD5U7m2,https://api.spotify.com/v1/audio-analysis/7KaF3RQY4BFMZCoUD5U7m2,190837,4
26,0.684,0.779,3,-8.829,0,0.0915,0.137,0.765,0.103,0.896,133.937,audio_features,0lP6dtgyfTtVcxJ1GVmIyA,spotify:track:0lP6dtgyfTtVcxJ1GVmIyA,https://api.spotify.com/v1/tracks/0lP6dtgyfTtVcxJ1GVmIyA,https://api.spotify.com/v1/audio-analysis/0lP6dtgyfTtVcxJ1GVmIyA,202392,4
27,0.778,0.892,0,-7.487,0,0.122,0.0726,0.686,0.0579,0.628,135.99,audio_features,3BqOGhCJD4qRD6xQjBeT0l,spotify:track:3BqOGhCJD4qRD6xQjBeT0l,https://api.spotify.com/v1/tracks/3BqOGhCJD4qRD6xQjBeT0l,https://api.spotify.com/v1/audio-analysis/3BqOGhCJD4qRD6xQjBeT0l,229412,4
28,0.765,0.468,11,-10.343,0,0.328,0.818,0.00708,0.109,0.347,127.984,audio_features,5QOBT97OmYCZo1W5u7tRrB,spotify:track:5QOBT97OmYCZo1W5u7tRrB,https://api.spotify.com/v1/tracks/5QOBT97OmYCZo1W5u7tRrB,https://api.spotify.com/v1/audio-analysis/5QOBT97OmYCZo1W5u7tRrB,182013,4
29,0.808,0.662,3,-8.016,1,0.0599,0.0736,0.021,0.101,0.183,129.979,audio_features,44V3prBS5nmjRlQN0lcbeK,spotify:track:44V3prBS5nmjRlQN0lcbeK,https://api.spotify.com/v1/tracks/44V3prBS5nmjRlQN0lcbeK,https://api.spotify.com/v1/audio-analysis/44V3prBS5nmjRlQN0lcbeK,133846,4
30,0.619,0.961,9,-2.868,1,0.156,0.0223,0,0.235,0.285,169.991,audio_features,4rbncFGrSox1ozmJoQJsao,spotify:track:4rbncFGrSox1ozmJoQJsao,https://api.spotify.com/v1/tracks/4rbncFGrSox1ozmJoQJsao,https://api.spotify.com/v1/audio-analysis/4rbncFGrSox1ozmJoQJsao,119096,4
31,0.554,0.902,1,-6.215,1,0.0426,0.00294,0.806,0.0681,0.328,136.002,audio_features,4QyOcyAvFZucoiLvCSnY7Y,spotify:track:4QyOcyAvFZucoiLvCSnY7Y,https://api.spotify.com/v1/tracks/4QyOcyAvFZucoiLvCSnY7Y,https://api.spotify.com/v1/audio-analysis/4QyOcyAvFZucoiLvCSnY7Y,283401,4
32,0.692,0.925,3,-4.999,0,0.0745,0.0151,0.272,0.0978,0.691,137.005,audio_features,3pbaa7YbnJLNif8TOONI9t,spotify:track:3pbaa7YbnJLNif8TOONI9t,https://api.spotify.com/v1/tracks/3pbaa7YbnJLNif8TOONI9t,https://api.spotify.com/v1/audio-analysis/3pbaa7YbnJLNif8TOONI9t,299795,4
33,0.66,0.946,6,-7.095,0,0.0572,0.000264,0.885,0.467,0.725,135.97,audio_features,1gfHmhGM6NJDmm80z8hzlx,spotify:track:1gfHmhGM6NJDmm80z8hzlx,https://api.spotify.com/v1/tracks/1gfHmhGM6NJDmm80z8hzlx,https://api.spotify.com/v1/audio-analysis/1gfHmhGM6NJDmm80z8hzlx,332404,4
34,0.527,0.654,4,-9.295,0,0.0367,0.134,0.769,0.101,0.317,80.006,audio_features,7oZHQbGCwosUHL1vDE5qdI,spotify:track:7oZHQbGCwosUHL1vDE5qdI,https://api.spotify.com/v1/tracks/7oZHQbGCwosUHL1vDE5qdI,https://api.spotify.com/v1/audio-analysis/7oZHQbGCwosUHL1vDE5qdI,258000,4
35,0.827,0.945,1,-4.779,1,0.133,0.0087,0.565,0.0176,0.591,130.023,audio_features,2ntDcAqijGPcZP5dHAn2lq,spotify:track:2ntDcAqijGPcZP5dHAn2lq,https://api.spotify.com/v1/tracks/2ntDcAqijGPcZP5dHAn2lq,https://api.spotify.com/v1/audio-analysis/2ntDcAqijGPcZP5dHAn2lq,171168,4
36,0.362,0.964,2,-3.329,1,0.0473,0.0266,0.00751,0.119,0.0479,173.96,audio_features,56ZNwbRyLVDwcf3nUzXwUX,spotify:track:56ZNwbRyLVDwcf3nUzXwUX,https://api.spotify.com/v1/tracks/56ZNwbRyLVDwcf3nUzXwUX,https://api.spotify.com/v1/audio-analysis/56ZNwbRyLVDwcf3nUzXwUX,215172,4
37,0.701,0.76,8,-9.588,1,0.107,0.701,0.138,0.111,0.423,143.007,audio_features,4PrGyX4YgCT6V3YqY7XEUw,spotify:track:4PrGyX4YgCT6V3YqY7XEUw,https://api.spotify.com/v1/tracks/4PrGyX4YgCT6V3YqY7XEUw,https://api.spotify.com/v1/audio-analysis/4PrGyX4YgCT6V3YqY7XEUw,161138,4
38,0.736,0.828,1,-3.928,0,0.408,0.0424,0,0.0648,0.438,137.952,audio_features,10ScB3ISReMgZtTsxhDbyo,spotify:track:10ScB3ISReMgZtTsxhDbyo,https://api.spotify.com/v1/tracks/10ScB3ISReMgZtTsxhDbyo,https://api.spotify.com/v1/audio-analysis/10ScB3ISReMgZtTsxhDbyo,170435,4
39,0.809,0.91,11,-10.193,0,0.0668,0.175,0.923,0.122,0.85,150.016,audio_features,4efJTFW6jZcvbLdJ1x5Uaj,spotify:track:4efJTFW6jZcvbLdJ1x5Uaj,https://api.spotify.com/v1/tracks/4efJTFW6jZcvbLdJ1x5Uaj,https://api.spotify.com/v1/audio-analysis/4efJTFW6jZcvbLdJ1x5Uaj,230400,4
40,0.656,0.837,6,-4.864,1,0.038,0.00318,0.000757,0.103,0.486,136.976,audio_features,0WfEEXM457WzNYF8W8b623,spotify:track:0WfEEXM457WzNYF8W8b623,https://api.spotify.com/v1/tracks/0WfEEXM457WzNYF8W8b623,https://api.spotify.com/v1/audio-analysis/0WfEEXM457WzNYF8W8b623,147738,4
41,0.511,0.886,8,-6.566,1,0.0374,0.000724,0.916,0.417,0.341,155.001,audio_features,30arpiuCLCw7aStLP3zFJx,spotify:track:30arpiuCLCw7aStLP3zFJx,https://api.spotify.com/v1/tracks/30arpiuCLCw7aStLP3zFJx,https://api.spotify.com/v1/audio-analysis/30arpiuCLCw7aStLP3zFJx,176516,4
42,0.741,0.955,0,-5.992,1,0.0562,0.00529,0.21,0.0277,0.561,140.044,audio_features,0hFvEBke46QQR9Tz0t5GgV,spotify:track:0hFvEBke46QQR9Tz0t5GgV,https://api.spotify.com/v1/tracks/0hFvEBke46QQR9Tz0t5GgV,https://api.spotify.com/v1/audio-analysis/0hFvEBke46QQR9Tz0t5GgV,238571,4
43,0.516,0.975,11,-4.301,1,0.0823,0.0152,0.00304,0.373,0.31,160.017,audio_features,2hqJXTvK0uU4VeUhxVg6Sp,spotify:track:2hqJXTvK0uU4VeUhxVg6Sp,https://api.spotify.com/v1/tracks/2hqJXTvK0uU4VeUhxVg6Sp,https://api.spotify.com/v1/audio-analysis/2hqJXTvK0uU4VeUhxVg6Sp,252023,4
44,0.729,0.904,11,-5.557,1,0.0829,0.00164,0.156,0.108,0.5,131.989,audio_features,4UFC4dvAyASnFJ3ZEoigsH,spotify:track:4UFC4dvAyASnFJ3ZEoigsH,https://api.spotify.com/v1/tracks/4UFC4dvAyASnFJ3ZEoigsH,https://api.spotify.com/v1/audio-analysis/4UFC4dvAyASnFJ3ZEoigsH,225455,4
45,0.632,0.918,6,-6.172,0,0.0522,0.1,0.74,0.0781,0.681,134.104,audio_features,6Jr9hL05AlwXMmA7TADiHJ,spotify:track:6Jr9hL05AlwXMmA7TADiHJ,https://api.spotify.com/v1/tracks/6Jr9hL05AlwXMmA7TADiHJ,https://api.spotify.com/v1/audio-analysis/6Jr9hL05AlwXMmA7TADiHJ,180896,4
46,0.535,0.805,0,-7.305,1,0.0657,0.275,0.0502,0.213,0.11,132.964,audio_features,3pSkRsuZv57a1yCxJPiBiT,spotify:track:3pSkRsuZv57a1yCxJPiBiT,https://api.spotify.com/v1/tracks/3pSkRsuZv57a1yCxJPiBiT,https://api.spotify.com/v1/audio-analysis/3pSkRsuZv57a1yCxJPiBiT,254792,4
47,0.594,0.877,1,-6.578,0,0.0336,0.00317,0.425,0.807,0.642,138.018,audio_features,25jLp6dqa4uoNhD3uanwAC,spotify:track:25jLp6dqa4uoNhD3uanwAC,https://api.spotify.com/v1/tracks/25jLp6dqa4uoNhD3uanwAC,https://api.spotify.com/v1/audio-analysis/25jLp6dqa4uoNhD3uanwAC,274783,4
48,0.687,0.738,1,-8.259,1,0.0631,0.351,0.89,0.107,0.448,132.025,audio_features,0al96kbwWxScOcA1iK7T0b,spotify:track:0al96kbwWxScOcA1iK7T0b,https://api.spotify.com/v1/tracks/0al96kbwWxScOcA1iK7T0b,https://api.spotify.com/v1/audio-analysis/0al96kbwWxScOcA1iK7T0b,205455,4
49,0.575,0.871,1,-6.465,1,0.0547,0.235,0.888,0.166,0.528,147.986,audio_features,46nVvEZpJv3ZqA2euIaJBv,spotify:track:46nVvEZpJv3ZqA2euIaJBv,https://api.spotify.com/v1/tracks/46nVvEZpJv3ZqA2euIaJBv,https://api.spotify.com/v1/audio-analysis/46nVvEZpJv3ZqA2euIaJBv,318387,4
50,0.657,0.974,8,-8.295,1,0.0552,0.07,0.676,0.346,0.5,150.01,audio_features,6GPwTABXy8lA4ERqHy5cMx,spotify:track:6GPwTABXy8lA4ERqHy5cMx,https://api.spotify.com/v1/tracks/6GPwTABXy8lA4ERqHy5cMx,https://api.spotify.com/v1/audio-analysis/6GPwTABXy8lA4ERqHy5cMx,160000,4
51,0.65,0.864,8,-5.175,1,0.0694,0.0239,0.00796,0.109,0.61,145.084,audio_features,5Ww9JTu9VNftDjSvjlNzHz,spotify:track:5Ww9JTu9VNftDjSvjlNzHz,https://api.spotify.com/v1/tracks/5Ww9JTu9VNftDjSvjlNzHz,https://api.spotify.com/v1/audio-analysis/5Ww9JTu9VNftDjSvjlNzHz,264707,4
52,0.721,0.707,0,-10.164,1,0.0366,0.00888,0.872,0.0788,0.422,136.034,audio_features,5rGtpIBaTXQKcFVDlrAerI,spotify:track:5rGtpIBaTXQKcFVDlrAerI,https://api.spotify.com/v1/tracks/5rGtpIBaTXQKcFVDlrAerI,https://api.spotify.com/v1/audio-analysis/5rGtpIBaTXQKcFVDlrAerI,255882,4
53,0.761,0.796,11,-8.179,0,0.0659,0.0119,0.809,0.12,0.442,133.987,audio_features,6WjkYAbXEYGDT8O0wmCRVr,spotify:track:6WjkYAbXEYGDT8O0wmCRVr,https://api.spotify.com/v1/tracks/6WjkYAbXEYGDT8O0wmCRVr,https://api.spotify.com/v1/audio-analysis/6WjkYAbXEYGDT8O0wmCRVr,177313,4
54,0.771,0.778,1,-5.619,1,0.347,0.159,0.00133,0.219,0.956,132.102,audio_features,6jvRKMgCbrICkrqiDlPct0,spotify:track:6jvRKMgCbrICkrqiDlPct0,https://api.spotify.com/v1/tracks/6jvRKMgCbrICkrqiDlPct0,https://api.spotify.com/v1/audio-analysis/6jvRKMgCbrICkrqiDlPct0,207507,4
55,0.711,0.748,0,-6.524,1,0.0521,0.0493,0.765,0.316,0.254,134.014,audio_features,4LwxeWSBu0LQtEyGLb6FVP,spotify:track:4LwxeWSBu0LQtEyGLb6FVP,https://api.spotify.com/v1/tracks/4LwxeWSBu0LQtEyGLb6FVP,https://api.spotify.com/v1/audio-analysis/4LwxeWSBu0LQtEyGLb6FVP,165336,4
56,0.778,0.857,7,-10.076,1,0.0419,0.0363,0.604,0.167,0.903,139.995,audio_features,32JwJxSXpel0JglG9I0Vom,spotify:track:32JwJxSXpel0JglG9I0Vom,https://api.spotify.com/v1/tracks/32JwJxSXpel0JglG9I0Vom,https://api.spotify.com/v1/audio-analysis/32JwJxSXpel0JglG9I0Vom,251196,4
57,0.694,0.747,8,-6.544,1,0.0387,0.00398,0.765,0.253,0.126,140,audio_features,6lLqigWFdVRAtPSp9CkTHe,spotify:track:6lLqigWFdVRAtPSp9CkTHe,https://api.spotify.com/v1/tracks/6lLqigWFdVRAtPSp9CkTHe,https://api.spotify.com/v1/audio-analysis/6lLqigWFdVRAtPSp9CkTHe,204030,4
58,0.704,0.949,9,-7.227,1,0.0758,0.0115,0.844,0.221,0.962,140.013,audio_features,2o04z6k2tjf2eaFVNQ44dj,spotify:track:2o04z6k2tjf2eaFVNQ44dj,https://api.spotify.com/v1/tracks/2o04z6k2tjf2eaFVNQ44dj,https://api.spotify.com/v1/audio-analysis/2o04z6k2tjf2eaFVNQ44dj,224571,4
59,0.609,0.948,9,-3.937,0,0.0468,0.00813,0.854,0.0919,0.0941,136.013,audio_features,5xWn1sBr3ZkFOSUrfp6Iz4,spotify:track:5xWn1sBr3ZkFOSUrfp6Iz4,https://api.spotify.com/v1/tracks/5xWn1sBr3ZkFOSUrfp6Iz4,https://api.spotify.com/v1/audio-analysis/5xWn1sBr3ZkFOSUrfp6Iz4,216176,4
60,0.555,0.946,5,-6.036,0,0.0499,0.568,0.0867,0.111,0.412,174.077,audio_features,6DtD4st5vlUdZlvlFsDPaV,spotify:track:6DtD4st5vlUdZlvlFsDPaV,https://api.spotify.com/v1/tracks/6DtD4st5vlUdZlvlFsDPaV,https://api.spotify.com/v1/audio-analysis/6DtD4st5vlUdZlvlFsDPaV,148966,4
61,0.674,0.613,3,-10.772,1,0.146,0.846,0.937,0.221,0.104,184.064,audio_features,0GOhobC9juiVNIS0kWI1oR,spotify:track:0GOhobC9juiVNIS0kWI1oR,https://api.spotify.com/v1/tracks/0GOhobC9juiVNIS0kWI1oR,https://api.spotify.com/v1/audio-analysis/0GOhobC9juiVNIS0kWI1oR,198261,4
62,0.679,0.932,0,-4.559,1,0.0316,0.0366,0.0305,0.266,0.442,145.05,audio_features,2kZXlRCtzx7NwCUHUigpi2,spotify:track:2kZXlRCtzx7NwCUHUigpi2,https://api.spotify.com/v1/tracks/2kZXlRCtzx7NwCUHUigpi2,https://api.spotify.com/v1/audio-analysis/2kZXlRCtzx7NwCUHUigpi2,165352,4
63,0.747,0.742,11,-6.181,0,0.0933,0.0296,0.167,0.0812,0.269,136.016,audio_features,15D7d8uC0db0q0QkMdHia8,spotify:track:15D7d8uC0db0q0QkMdHia8,https://api.spotify.com/v1/tracks/15D7d8uC0db0q0QkMdHia8,https://api.spotify.com/v1/audio-analysis/15D7d8uC0db0q0QkMdHia8,238901,4
64,0.793,0.882,0,-7.257,1,0.0596,0.0109,0.682,0.346,0.673,130.009,audio_features,1UUocn5id6N5nraMj8rUYU,spotify:track:1UUocn5id6N5nraMj8rUYU,https://api.spotify.com/v1/tracks/1UUocn5id6N5nraMj8rUYU,https://api.spotify.com/v1/audio-analysis/1UUocn5id6N5nraMj8rUYU,181754,4
65,0.561,0.96,9,-4.126,0,0.0337,0.000753,0.869,0.101,0.79,142.014,audio_features,1cn5pv4piEsW871xQj43Ur,spotify:track:1cn5pv4piEsW871xQj43Ur,https://api.spotify.com/v1/tracks/1cn5pv4piEsW871xQj43Ur,https://api.spotify.com/v1/audio-analysis/1cn5pv4piEsW871xQj43Ur,242823,4
66,0.651,0.952,11,-5.455,0,0.0582,0.000164,0.477,0.0214,0.804,142.014,audio_features,74Gn63ohpUUXsGdp9JAFYB,spotify:track:74Gn63ohpUUXsGdp9JAFYB,https://api.spotify.com/v1/tracks/74Gn63ohpUUXsGdp9JAFYB,https://api.spotify.com/v1/audio-analysis/74Gn63ohpUUXsGdp9JAFYB,369692,4
67,0.927,0.827,10,-10.09,0,0.175,0.000844,0.454,0.087,0.862,147.997,audio_features,0tTkmkQFLyLtyPZTcy0yHy,spotify:track:0tTkmkQFLyLtyPZTcy0yHy,https://api.spotify.com/v1/tracks/0tTkmkQFLyLtyPZTcy0yHy,https://api.spotify.com/v1/audio-analysis/0tTkmkQFLyLtyPZTcy0yHy,230440,4
68,0.715,0.933,7,-4.823,1,0.102,0.0765,0,0.222,0.903,138.049,audio_features,6l0U4aQvvwNBGpgDq2ZYzg,spotify:track:6l0U4aQvvwNBGpgDq2ZYzg,https://api.spotify.com/v1/tracks/6l0U4aQvvwNBGpgDq2ZYzg,https://api.spotify.com/v1/audio-analysis/6l0U4aQvvwNBGpgDq2ZYzg,167046,4
69,0.4,0.771,7,-7.09,0,0.0364,0.118,0.178,0.0854,0.421,82.156,audio_features,7pFzuCKW91X6vYAoQx2A0x,spotify:track:7pFzuCKW91X6vYAoQx2A0x,https://api.spotify.com/v1/tracks/7pFzuCKW91X6vYAoQx2A0x,https://api.spotify.com/v1/audio-analysis/7pFzuCKW91X6vYAoQx2A0x,167249,4
70,0.687,0.759,8,-12.151,1,0.0394,0.000398,0.687,0.22,0.751,141.021,audio_features,6uy3ecGI6wHK00fIuJxIg2,spotify:track:6uy3ecGI6wHK00fIuJxIg2,https://api.spotify.com/v1/tracks/6uy3ecGI6wHK00fIuJxIg2,https://api.spotify.com/v1/audio-analysis/6uy3ecGI6wHK00fIuJxIg2,135745,4
71,0.742,0.936,1,-6.143,0,0.16,0.187,0.0122,0.11,0.307,133.989,audio_features,7v7eF1koFUNnRFMvky3RDM,spotify:track:7v7eF1koFUNnRFMvky3RDM,https://api.spotify.com/v1/tracks/7v7eF1koFUNnRFMvky3RDM,https://api.spotify.com/v1/audio-analysis/7v7eF1koFUNnRFMvky3RDM,223433,4
72,0.65,0.887,1,-4.7,0,0.0436,0.0052,0.158,0.556,0.114,139.994,audio_features,2PTAzTzFwsxqMcL7T0UB40,spotify:track:2PTAzTzFwsxqMcL7T0UB40,https://api.spotify.com/v1/tracks/2PTAzTzFwsxqMcL7T0UB40,https://api.spotify.com/v1/audio-analysis/2PTAzTzFwsxqMcL7T0UB40,234857,4
73,0.575,0.988,7,-4.873,1,0.0624,0.000836,0.736,0.273,0.339,128.018,audio_features,22UUH7Hevlh24CBgkOBHFK,spotify:track:22UUH7Hevlh24CBgkOBHFK,https://api.spotify.com/v1/tracks/22UUH7Hevlh24CBgkOBHFK,https://api.spotify.com/v1/audio-analysis/22UUH7Hevlh24CBgkOBHFK,150000,4
74,0.616,0.935,4,-9.106,0,0.0738,0.00245,0.83,0.238,0.588,140.012,audio_features,7K3sdpoop0sdAOpa7BPMKw,spotify:track:7K3sdpoop0sdAOpa7BPMKw,https://api.spotify.com/v1/tracks/7K3sdpoop0sdAOpa7BPMKw,https://api.spotify.com/v1/audio-analysis/7K3sdpoop0sdAOpa7BPMKw,267429,4
75,0.681,0.67,0,-7.542,0,0.0308,0.027,0.63,0.128,0.653,124.007,audio_features,2DSQvvaojC1yu5phfWDKuB,spotify:track:2DSQvvaojC1yu5phfWDKuB,https://api.spotify.com/v1/tracks/2DSQvvaojC1yu5phfWDKuB,https://api.spotify.com/v1/audio-analysis/2DSQvvaojC1yu5phfWDKuB,138951,4
76,0.532,0.987,8,-6.157,0,0.0658,0.00252,0.204,0.329,0.534,141.993,audio_features,5G4sUncALYICBJzxsRBrhn,spotify:track:5G4sUncALYICBJzxsRBrhn,https://api.spotify.com/v1/tracks/5G4sUncALYICBJzxsRBrhn,https://api.spotify.com/v1/audio-analysis/5G4sUncALYICBJzxsRBrhn,277201,4
77,0.641,0.983,0,-7.79,0,0.0428,0.00163,0.726,0.319,0.826,139.997,audio_features,0y3fEWwlbGn3WDgUMj0Ckt,spotify:track:0y3fEWwlbGn3WDgUMj0Ckt,https://api.spotify.com/v1/tracks/0y3fEWwlbGn3WDgUMj0Ckt,https://api.spotify.com/v1/audio-analysis/0y3fEWwlbGn3WDgUMj0Ckt,329143,4
78,0.577,0.896,2,-10.708,1,0.0405,0.000869,0.806,0.0966,0.363,139.993,audio_features,06AbpLxu17SbYQ6R3ZFAoL,spotify:track:06AbpLxu17SbYQ6R3ZFAoL,https://api.spotify.com/v1/tracks/06AbpLxu17SbYQ6R3ZFAoL,https://api.spotify.com/v1/audio-analysis/06AbpLxu17SbYQ6R3ZFAoL,332571,4
79,0.652,0.839,9,-6.172,0,0.0362,0.15,0.653,0.0961,0.212,122.016,audio_features,6pjI3CKUkIGbvSgo7TuRuu,spotify:track:6pjI3CKUkIGbvSgo7TuRuu,https://api.spotify.com/v1/tracks/6pjI3CKUkIGbvSgo7TuRuu,https://api.spotify.com/v1/audio-analysis/6pjI3CKUkIGbvSgo7TuRuu,242545,4
80,0.724,0.965,0,-6.195,1,0.0497,5.75E-05,0.859,0.705,0.753,147.023,audio_features,5fF9T9SMqBKUvT06cn7kBR,spotify:track:5fF9T9SMqBKUvT06cn7kBR,https://api.spotify.com/v1/tracks/5fF9T9SMqBKUvT06cn7kBR,https://api.spotify.com/v1/audio-analysis/5fF9T9SMqBKUvT06cn7kBR,240250,4
81,0.747,0.867,0,-7.311,1,0.088,0.582,0.00413,0.114,0.684,124.015,audio_features,3YgtkOxZsTuaZdL8McA1FQ,spotify:track:3YgtkOxZsTuaZdL8McA1FQ,https://api.spotify.com/v1/tracks/3YgtkOxZsTuaZdL8McA1FQ,https://api.spotify.com/v1/audio-analysis/3YgtkOxZsTuaZdL8McA1FQ,220653,4
82,0.605,0.789,1,-6.623,1,0.0427,0.0158,0.934,0.0772,0.846,135.02,audio_features,0dUgfAnjJIyUUHbvAkezdQ,spotify:track:0dUgfAnjJIyUUHbvAkezdQ,https://api.spotify.com/v1/tracks/0dUgfAnjJIyUUHbvAkezdQ,https://api.spotify.com/v1/audio-analysis/0dUgfAnjJIyUUHbvAkezdQ,157415,4
83,0.659,0.802,6,-7.632,1,0.0873,0.00012,0.645,0.354,0.243,137.992,audio_features,02IwpmWcx201kEvq51NA8s,spotify:track:02IwpmWcx201kEvq51NA8s,https://api.spotify.com/v1/tracks/02IwpmWcx201kEvq51NA8s,https://api.spotify.com/v1/audio-analysis/02IwpmWcx201kEvq51NA8s,293774,4
84,0.565,0.927,0,-5.476,1,0.0524,0.00649,0.789,0.164,0.865,139.954,audio_features,6xIavZrzwKrMN8glvjCj1O,spotify:track:6xIavZrzwKrMN8glvjCj1O,https://api.spotify.com/v1/tracks/6xIavZrzwKrMN8glvjCj1O,https://api.spotify.com/v1/audio-analysis/6xIavZrzwKrMN8glvjCj1O,194722,4
85,0.705,0.885,10,-4.345,0,0.0418,0.0554,0.697,0.0718,0.199,130.001,audio_features,4Hh9kiICuBPGpdV1GPvqG6,spotify:track:4Hh9kiICuBPGpdV1GPvqG6,https://api.spotify.com/v1/tracks/4Hh9kiICuBPGpdV1GPvqG6,https://api.spotify.com/v1/audio-analysis/4Hh9kiICuBPGpdV1GPvqG6,223414,4
86,0.531,0.898,6,-6.007,0,0.0299,0.0272,0.896,0.0854,0.431,144.991,audio_features,0xAln60qqgaVWoQMUIxpLP,spotify:track:0xAln60qqgaVWoQMUIxpLP,https://api.spotify.com/v1/tracks/0xAln60qqgaVWoQMUIxpLP,https://api.spotify.com/v1/audio-analysis/0xAln60qqgaVWoQMUIxpLP,255750,4
87,0.834,0.7,6,-5.994,0,0.117,0.0027,0.773,0.159,0.7,134.976,audio_features,4Sy2gpNfLf7xbmhbTubbRl,spotify:track:4Sy2gpNfLf7xbmhbTubbRl,https://api.spotify.com/v1/tracks/4Sy2gpNfLf7xbmhbTubbRl,https://api.spotify.com/v1/audio-analysis/4Sy2gpNfLf7xbmhbTubbRl,262427,4
88,0.727,0.974,10,-6.254,0,0.0428,4.12E-05,0.911,0.0722,0.819,137.006,audio_features,7difS2OxPpNXWUdQ2aN6JG,spotify:track:7difS2OxPpNXWUdQ2aN6JG,https://api.spotify.com/v1/tracks/7difS2OxPpNXWUdQ2aN6JG,https://api.spotify.com/v1/audio-analysis/7difS2OxPpNXWUdQ2aN6JG,308321,4
89,0.572,0.834,2,-9.962,1,0.0368,0.449,0.784,0.0976,0.139,124.997,audio_features,0r3onjwvc8HUFHguF7ohBc,spotify:track:0r3onjwvc8HUFHguF7ohBc,https://api.spotify.com/v1/tracks/0r3onjwvc8HUFHguF7ohBc,https://api.spotify.com/v1/audio-analysis/0r3onjwvc8HUFHguF7ohBc,322560,4
90,0.673,0.908,6,-6.36,0,0.0387,0.000485,0.781,0.113,0.045,126.013,audio_features,4b2rlKIqyLxpxoIaG7sZ5K,spotify:track:4b2rlKIqyLxpxoIaG7sZ5K,https://api.spotify.com/v1/tracks/4b2rlKIqyLxpxoIaG7sZ5K,https://api.spotify.com/v1/audio-analysis/4b2rlKIqyLxpxoIaG7sZ5K,189784,4
91,0.547,0.758,0,-12.882,1,0.036,0.00344,0.862,0.171,0.334,141.989,audio_features,1rUMuzoqS6XoLcWANHWaru,spotify:track:1rUMuzoqS6XoLcWANHWaru,https://api.spotify.com/v1/tracks/1rUMuzoqS6XoLcWANHWaru,https://api.spotify.com/v1/audio-analysis/1rUMuzoqS6XoLcWANHWaru,327887,4
92,0.793,0.63,1,-5.902,0,0.113,0.147,0.72,0.291,0.0773,130.104,audio_features,2VXRVqJ02WMnUlxTvwdtoz,spotify:track:2VXRVqJ02WMnUlxTvwdtoz,https://api.spotify.com/v1/tracks/2VXRVqJ02WMnUlxTvwdtoz,https://api.spotify.com/v1/audio-analysis/2VXRVqJ02WMnUlxTvwdtoz,184615,4
93,0.799,0.936,8,-6.569,1,0.0753,0.00312,0.665,0.0684,0.708,117.402,audio_features,4sm6jKJ3UnbjOzmhmGif5p,spotify:track:4sm6jKJ3UnbjOzmhmGif5p,https://api.spotify.com/v1/tracks/4sm6jKJ3UnbjOzmhmGif5p,https://api.spotify.com/v1/audio-analysis/4sm6jKJ3UnbjOzmhmGif5p,171226,4
94,0.566,0.939,11,-5.787,0,0.0366,8.45E-05,0.543,0.0636,0.712,141.983,audio_features,0PEM0eVuUJxhUA03Cjl0zC,spotify:track:0PEM0eVuUJxhUA03Cjl0zC,https://api.spotify.com/v1/tracks/0PEM0eVuUJxhUA03Cjl0zC,https://api.spotify.com/v1/audio-analysis/0PEM0eVuUJxhUA03Cjl0zC,216473,4
95,0.869,0.935,1,-9.487,1,0.161,0.0114,4.36E-05,0.372,0.766,145.999,audio_features,3VeAelsMAZSm5q8fAR8cIm,spotify:track:3VeAelsMAZSm5q8fAR8cIm,https://api.spotify.com/v1/tracks/3VeAelsMAZSm5q8fAR8cIm,https://api.spotify.com/v1/audio-analysis/3VeAelsMAZSm5q8fAR8cIm,267561,4
96,0.712,0.716,7,-8.098,1,0.0624,0.000298,0.5,0.0883,0.767,146.963,audio_features,6NT2Yovx1t0mMvbwBzRsYc,spotify:track:6NT2Yovx1t0mMvbwBzRsYc,https://api.spotify.com/v1/tracks/6NT2Yovx1t0mMvbwBzRsYc,https://api.spotify.com/v1/audio-analysis/6NT2Yovx1t0mMvbwBzRsYc,200040,4
97,0.603,0.992,1,-6.445,0,0.0349,0.0306,0.859,0.282,0.128,136.055,audio_features,3MOOLHyOlR0lzcTwoXSci8,spotify:track:3MOOLHyOlR0lzcTwoXSci8,https://api.spotify.com/v1/tracks/3MOOLHyOlR0lzcTwoXSci8,https://api.spotify.com/v1/audio-analysis/3MOOLHyOlR0lzcTwoXSci8,200831,4
98,0.615,0.924,9,-3.859,0,0.0588,0.00272,0.116,0.125,0.355,140.007,audio_features,3j8TbHVc4Kg4mWApoXnUL4,spotify:track:3j8TbHVc4Kg4mWApoXnUL4,https://api.spotify.com/v1/tracks/3j8TbHVc4Kg4mWApoXnUL4,https://api.spotify.com/v1/audio-analysis/3j8TbHVc4Kg4mWApoXnUL4,176000,4
99,0.672,0.938,6,-5.171,0,0.0369,0.0207,0.654,0.0638,0.0969,126.995,audio_features,2YhEJoYccyE5wpdAkZWbPk,spotify:track:2YhEJoYccyE5wpdAkZWbPk,https://api.spotify.com/v1/tracks/2YhEJoYccyE5wpdAkZWbPk,https://api.spotify.com/v1/audio-analysis/2YhEJoYccyE5wpdAkZWbPk,147402,4
100,0.817,0.701,9,-7.871,1,0.0435,0.00548,0.858,0.179,0.609,136.008,audio_features,5t9XTVrHh3ekSO4gqc8RC3,spotify:track:5t9XTVrHh3ekSO4gqc8RC3,https://api.spotify.com/v1/tracks/5t9XTVrHh3ekSO4gqc8RC3,https://api.spotify.com/v1/audio-analysis/5t9XTVrHh3ekSO4gqc8RC3,212793,4
101,0.62,0.935,1,-0.504,1,0.252,0.228,0.00443,0.0601,0.559,87.532,audio_features,2ZWmmrWUgDBcPSLihBMvhg,spotify:track:2ZWmmrWUgDBcPSLihBMvhg,https://api.spotify.com/v1/tracks/2ZWmmrWUgDBcPSLihBMvhg,https://api.spotify.com/v1/audio-analysis/2ZWmmrWUgDBcPSLihBMvhg,177292,4
102,0.695,0.703,7,-7.141,0,0.145,0.0265,0.0346,0.314,0.287,131.333,audio_features,15wh4sekuZ58WzHW1V33Zi,spotify:track:15wh4sekuZ58WzHW1V33Zi,https://api.spotify.com/v1/tracks/15wh4sekuZ58WzHW1V33Zi,https://api.spotify.com/v1/audio-analysis/15wh4sekuZ58WzHW1V33Zi,237987,4
103,0.631,0.903,9,-7.934,1,0.0613,0.141,0.719,0.306,0.107,150.048,audio_features,4xljazzJHmDcgPokjNfXva,spotify:track:4xljazzJHmDcgPokjNfXva,https://api.spotify.com/v1/tracks/4xljazzJHmDcgPokjNfXva,https://api.spotify.com/v1/audio-analysis/4xljazzJHmDcgPokjNfXva,289161,4
104,0.759,0.882,10,-5.81,1,0.0339,0.229,0.0403,0.342,0.878,137.058,audio_features,0fK4NmIDXetjIiZ2Oxz2tF,spotify:track:0fK4NmIDXetjIiZ2Oxz2tF,https://api.spotify.com/v1/tracks/0fK4NmIDXetjIiZ2Oxz2tF,https://api.spotify.com/v1/audio-analysis/0fK4NmIDXetjIiZ2Oxz2tF,158883,4
105,0.745,0.85,6,-3.903,0,0.075,0.000285,0.0392,0.118,0.54,138.03,audio_features,6tifCCTIVBLC2TmTquYG7G,spotify:track:6tifCCTIVBLC2TmTquYG7G,https://api.spotify.com/v1/tracks/6tifCCTIVBLC2TmTquYG7G,https://api.spotify.com/v1/audio-analysis/6tifCCTIVBLC2TmTquYG7G,188261,4
106,0.634,0.959,9,-7.45,0,0.0427,0.000872,0.888,0.0932,0.79,136.002,audio_features,7oGH4BahBkl35XQQ2Pao45,spotify:track:7oGH4BahBkl35XQQ2Pao45,https://api.spotify.com/v1/tracks/7oGH4BahBkl35XQQ2Pao45,https://api.spotify.com/v1/audio-analysis/7oGH4BahBkl35XQQ2Pao45,255882,4
107,0.466,0.992,5,-2.641,1,0.0716,0.00146,0.658,0.281,0.22,139.974,audio_features,6Un90YNAXLV22iSuyLAdSH,spotify:track:6Un90YNAXLV22iSuyLAdSH,https://api.spotify.com/v1/tracks/6Un90YNAXLV22iSuyLAdSH,https://api.spotify.com/v1/audio-analysis/6Un90YNAXLV22iSuyLAdSH,185143,4
108,0.625,0.83,8,-6.873,1,0.0392,0.135,0.851,0.0867,0.406,136.001,audio_features,0KQEbpTLCELFwcWVAzDQdv,spotify:track:0KQEbpTLCELFwcWVAzDQdv,https://api.spotify.com/v1/tracks/0KQEbpTLCELFwcWVAzDQdv,https://api.spotify.com/v1/audio-analysis/0KQEbpTLCELFwcWVAzDQdv,229000,4
109,0.632,0.878,10,-8.538,0,0.0412,0.01,0.914,0.0699,0.694,145.005,audio_features,5wyoFJbqZBJt8RlmtCiHZL,spotify:track:5wyoFJbqZBJt8RlmtCiHZL,https://api.spotify.com/v1/tracks/5wyoFJbqZBJt8RlmtCiHZL,https://api.spotify.com/v1/audio-analysis/5wyoFJbqZBJt8RlmtCiHZL,451862,4
110,0.612,0.848,4,-10.007,0,0.0725,0.127,0.81,0.186,0.553,134.975,audio_features,7xP8b4AiHoT8gLYsZrdTem,spotify:track:7xP8b4AiHoT8gLYsZrdTem,https://api.spotify.com/v1/tracks/7xP8b4AiHoT8gLYsZrdTem,https://api.spotify.com/v1/audio-analysis/7xP8b4AiHoT8gLYsZrdTem,298644,4
111,0.609,0.886,6,-7.06,1,0.0283,0.0104,0.825,0.149,0.484,138.008,audio_features,2DUVLddLKvksEgKAJNtsP3,spotify:track:2DUVLddLKvksEgKAJNtsP3,https://api.spotify.com/v1/tracks/2DUVLddLKvksEgKAJNtsP3,https://api.spotify.com/v1/audio-analysis/2DUVLddLKvksEgKAJNtsP3,296522,4
112,0.693,0.878,6,-6.264,1,0.0386,0.0122,0.462,0.119,0.384,129.998,audio_features,4fntxnmBljT1Ve03u0njYg,spotify:track:4fntxnmBljT1Ve03u0njYg,https://api.spotify.com/v1/tracks/4fntxnmBljT1Ve03u0njYg,https://api.spotify.com/v1/audio-analysis/4fntxnmBljT1Ve03u0njYg,190385,4
113,0.618,0.848,5,-3.945,1,0.102,0.401,0.000112,0.113,0.498,138.065,audio_features,4lOsk3SgeHdysRV8Favjj8,spotify:track:4lOsk3SgeHdysRV8Favjj8,https://api.spotify.com/v1/tracks/4lOsk3SgeHdysRV8Favjj8,https://api.spotify.com/v1/audio-analysis/4lOsk3SgeHdysRV8Favjj8,212000,4
114,0.772,0.722,8,-9.23,1,0.167,0.169,0.573,0.133,0.0546,140.083,audio_features,0xGeac4SxXrvOmGDffQaZF,spotify:track:0xGeac4SxXrvOmGDffQaZF,https://api.spotify.com/v1/tracks/0xGeac4SxXrvOmGDffQaZF,https://api.spotify.com/v1/audio-analysis/0xGeac4SxXrvOmGDffQaZF,280179,4
115,0.62,0.971,1,-7.027,1,0.0336,0.00991,0.327,0.0493,0.849,134.015,audio_features,6OAlog0TfLYgmT1LVXPOQU,spotify:track:6OAlog0TfLYgmT1LVXPOQU,https://api.spotify.com/v1/tracks/6OAlog0TfLYgmT1LVXPOQU,https://api.spotify.com/v1/audio-analysis/6OAlog0TfLYgmT1LVXPOQU,202612,4
116,0.696,0.759,6,-5.925,0,0.0356,0.0166,0.852,0.0832,0.563,132.019,audio_features,0cTNeoYonQaeArcopcPt73,spotify:track:0cTNeoYonQaeArcopcPt73,https://api.spotify.com/v1/tracks/0cTNeoYonQaeArcopcPt73,https://api.spotify.com/v1/audio-analysis/0cTNeoYonQaeArcopcPt73,260500,4
117,0.562,0.931,9,-10.73,0,0.0403,0.000866,0.756,0.109,0.228,139.981,audio_features,5rEI8VP7TMdrlq0Ktoc9Ws,spotify:track:5rEI8VP7TMdrlq0Ktoc9Ws,https://api.spotify.com/v1/tracks/5rEI8VP7TMdrlq0Ktoc9Ws,https://api.spotify.com/v1/audio-analysis/5rEI8VP7TMdrlq0Ktoc9Ws,385715,4
118,0.709,0.982,11,-5.635,0,0.0718,0.00172,0.0106,0.427,0.662,140,audio_features,1BzIRzO9h44YiQVAInMsS1,spotify:track:1BzIRzO9h44YiQVAInMsS1,https://api.spotify.com/v1/tracks/1BzIRzO9h44YiQVAInMsS1,https://api.spotify.com/v1/audio-analysis/1BzIRzO9h44YiQVAInMsS1,161398,4
119,0.754,0.987,7,-5.252,1,0.0632,0.00202,0.872,0.0929,0.387,129.984,audio_features,0JoDE0TTHL2e1lCXJwALOB,spotify:track:0JoDE0TTHL2e1lCXJwALOB,https://api.spotify.com/v1/tracks/0JoDE0TTHL2e1lCXJwALOB,https://api.spotify.com/v1/audio-analysis/0JoDE0TTHL2e1lCXJwALOB,223038,4
120,0.658,0.949,11,-7.156,0,0.0479,0.00146,0.907,0.0786,0.602,128.026,audio_features,5uKWsS04iHProlH6S16bdf,spotify:track:5uKWsS04iHProlH6S16bdf,https://api.spotify.com/v1/tracks/5uKWsS04iHProlH6S16bdf,https://api.spotify.com/v1/audio-analysis/5uKWsS04iHProlH6S16bdf,216972,3
121,0.579,0.946,8,-4.954,1,0.0339,0.0135,0.932,0.155,0.393,137.961,audio_features,1crFMDw8dPWI9GV0xvcr2r,spotify:track:1crFMDw8dPWI9GV0xvcr2r,https://api.spotify.com/v1/tracks/1crFMDw8dPWI9GV0xvcr2r,https://api.spotify.com/v1/audio-analysis/1crFMDw8dPWI9GV0xvcr2r,135109,4
122,0.75,0.831,10,-6.48,1,0.0594,0.414,0.666,0.11,0.0513,132.026,audio_features,1BVv7EhtErHUBe50h6XW20,spotify:track:1BVv7EhtErHUBe50h6XW20,https://api.spotify.com/v1/tracks/1BVv7EhtErHUBe50h6XW20,https://api.spotify.com/v1/audio-analysis/1BVv7EhtErHUBe50h6XW20,250415,4
123,0.777,0.75,9,-5.65,0,0.0739,0.00186,0.867,0.112,0.104,136.986,audio_features,6CX4j7F3kjIWzwgNUhIril,spotify:track:6CX4j7F3kjIWzwgNUhIril,https://api.spotify.com/v1/tracks/6CX4j7F3kjIWzwgNUhIril,https://api.spotify.com/v1/audio-analysis/6CX4j7F3kjIWzwgNUhIril,199708,4
124,0.629,0.9,11,-8.877,0,0.0459,0.00836,0.882,0.094,0.913,135.011,audio_features,4fmMlfYmxRNdTEWXBJyaZa,spotify:track:4fmMlfYmxRNdTEWXBJyaZa,https://api.spotify.com/v1/tracks/4fmMlfYmxRNdTEWXBJyaZa,https://api.spotify.com/v1/audio-analysis/4fmMlfYmxRNdTEWXBJyaZa,173810,4
125,0.776,0.926,8,-7.362,1,0.1,0.00189,0.376,0.0701,0.233,140.03,audio_features,5lkOxIIuYsTgzPanava5CQ,spotify:track:5lkOxIIuYsTgzPanava5CQ,https://api.spotify.com/v1/tracks/5lkOxIIuYsTgzPanava5CQ,https://api.spotify.com/v1/audio-analysis/5lkOxIIuYsTgzPanava5CQ,210110,4
126,0.608,0.995,2,-6.785,1,0.0406,0.00422,0.779,0.0823,0.96,144.951,audio_features,4iqtDvbICWuBERMTz9cz41,spotify:track:4iqtDvbICWuBERMTz9cz41,https://api.spotify.com/v1/tracks/4iqtDvbICWuBERMTz9cz41,https://api.spotify.com/v1/audio-analysis/4iqtDvbICWuBERMTz9cz41,139000,4
127,0.708,0.778,0,-4.198,1,0.208,0.00658,0.119,0.316,0.725,132.124,audio_features,0275ycgPLKr6wXOsRt45vc,spotify:track:0275ycgPLKr6wXOsRt45vc,https://api.spotify.com/v1/tracks/0275ycgPLKr6wXOsRt45vc,https://api.spotify.com/v1/audio-analysis/0275ycgPLKr6wXOsRt45vc,163930,4
128,0.441,0.654,1,-4.668,1,0.0402,0.278,0.00159,0.101,0.108,149.785,audio_features,3ljga3HUiAH6jBZ6FTbSSp,spotify:track:3ljga3HUiAH6jBZ6FTbSSp,https://api.spotify.com/v1/tracks/3ljga3HUiAH6jBZ6FTbSSp,https://api.spotify.com/v1/audio-analysis/3ljga3HUiAH6jBZ6FTbSSp,153204,4
129,0.734,0.773,8,-8.371,1,0.0371,0.168,0.844,0.0442,0.784,126.005,audio_features,5G7DvsOLvNE5HTVmJJyo6K,spotify:track:5G7DvsOLvNE5HTVmJJyo6K,https://api.spotify.com/v1/tracks/5G7DvsOLvNE5HTVmJJyo6K,https://api.spotify.com/v1/audio-analysis/5G7DvsOLvNE5HTVmJJyo6K,238000,4
130,0.621,0.967,7,-5.571,0,0.0697,0.0319,0.803,0.0853,0.354,139.978,audio_features,7EnwSEceUcWFCEstHjAaXO,spotify:track:7EnwSEceUcWFCEstHjAaXO,https://api.spotify.com/v1/tracks/7EnwSEceUcWFCEstHjAaXO,https://api.spotify.com/v1/audio-analysis/7EnwSEceUcWFCEstHjAaXO,264001,4
131,0.827,0.803,8,-3.681,1,0.106,0.018,0.812,0.119,0.119,134.049,audio_features,3d4XRx7o3xEUEA58KqwHsl,spotify:track:3d4XRx7o3xEUEA58KqwHsl,https://api.spotify.com/v1/tracks/3d4XRx7o3xEUEA58KqwHsl,https://api.spotify.com/v1/audio-analysis/3d4XRx7o3xEUEA58KqwHsl,222779,4
132,0.687,0.907,0,-5.28,0,0.0321,0.0823,0.648,0.227,0.401,125.997,audio_features,2KYp9IpK1HURPiKflNwz2i,spotify:track:2KYp9IpK1HURPiKflNwz2i,https://api.spotify.com/v1/tracks/2KYp9IpK1HURPiKflNwz2i,https://api.spotify.com/v1/audio-analysis/2KYp9IpK1HURPiKflNwz2i,157381,4
133,0.724,0.88,0,-6.541,1,0.0372,0.00685,0.711,0.058,0.383,144.997,audio_features,1j5FYHpCX7btJB3bNUIaRa,spotify:track:1j5FYHpCX7btJB3bNUIaRa,https://api.spotify.com/v1/tracks/1j5FYHpCX7btJB3bNUIaRa,https://api.spotify.com/v1/audio-analysis/1j5FYHpCX7btJB3bNUIaRa,225439,4
134,0.679,0.969,7,-4.635,1,0.0744,0.000557,0.368,0.102,0.638,131.966,audio_features,05aycF0iwg7oncrbAPXlvn,spotify:track:05aycF0iwg7oncrbAPXlvn,https://api.spotify.com/v1/tracks/05aycF0iwg7oncrbAPXlvn,https://api.spotify.com/v1/audio-analysis/05aycF0iwg7oncrbAPXlvn,160000,4
135,0.645,0.904,2,-6.191,1,0.0392,0.0186,0.266,0.136,0.502,140.019,audio_features,1oTDLH4cxHvBJwQjH98cRs,spotify:track:1oTDLH4cxHvBJwQjH98cRs,https://api.spotify.com/v1/tracks/1oTDLH4cxHvBJwQjH98cRs,https://api.spotify.com/v1/audio-analysis/1oTDLH4cxHvBJwQjH98cRs,210000,4
136,0.689,0.943,0,-7.452,1,0.0512,0.0324,0.58,0.0845,0.169,135,audio_features,0nVN2fhcZYX4cbIeYhx3St,spotify:track:0nVN2fhcZYX4cbIeYhx3St,https://api.spotify.com/v1/tracks/0nVN2fhcZYX4cbIeYhx3St,https://api.spotify.com/v1/audio-analysis/0nVN2fhcZYX4cbIeYhx3St,151111,3
137,0.685,0.954,0,-5.274,1,0.101,0.00246,0.153,0.0961,0.838,137.975,audio_features,5VVocXeJmA5QEHUyQIBOgp,spotify:track:5VVocXeJmA5QEHUyQIBOgp,https://api.spotify.com/v1/tracks/5VVocXeJmA5QEHUyQIBOgp,https://api.spotify.com/v1/audio-analysis/5VVocXeJmA5QEHUyQIBOgp,215652,4
138,0.537,0.897,4,-8.845,0,0.0344,0.0582,0.687,0.111,0.466,138.019,audio_features,6g3txmuT9t6OR3fnIBYYEq,spotify:track:6g3txmuT9t6OR3fnIBYYEq,https://api.spotify.com/v1/tracks/6g3txmuT9t6OR3fnIBYYEq,https://api.spotify.com/v1/audio-analysis/6g3txmuT9t6OR3fnIBYYEq,256353,4
139,0.624,0.882,9,-6.556,1,0.0529,0.0134,0.00189,0.139,0.392,137.03,audio_features,7ad7oGYJdz0DKXt2hXLJoS,spotify:track:7ad7oGYJdz0DKXt2hXLJoS,https://api.spotify.com/v1/tracks/7ad7oGYJdz0DKXt2hXLJoS,https://api.spotify.com/v1/audio-analysis/7ad7oGYJdz0DKXt2hXLJoS,298686,4
140,0.821,0.784,1,-8.188,1,0.187,0.302,0.229,0.139,0.333,132.038,audio_features,25OrWN8wbqdUzTFKVSMRT6,spotify:track:25OrWN8wbqdUzTFKVSMRT6,https://api.spotify.com/v1/tracks/25OrWN8wbqdUzTFKVSMRT6,https://api.spotify.com/v1/audio-analysis/25OrWN8wbqdUzTFKVSMRT6,256553,4
141,0.698,0.71,9,-8.55,0,0.0392,0.0159,0.321,0.0744,0.37,127.99,audio_features,57UOWrbEXa4wrcfuOs7Xuj,spotify:track:57UOWrbEXa4wrcfuOs7Xuj,https://api.spotify.com/v1/tracks/57UOWrbEXa4wrcfuOs7Xuj,https://api.spotify.com/v1/audio-analysis/57UOWrbEXa4wrcfuOs7Xuj,243499,4
142,0.741,0.97,0,-6.693,0,0.044,0.00484,0.911,0.674,0.874,140.039,audio_features,1RO7CbHU7WbULg6i7s5LtS,spotify:track:1RO7CbHU7WbULg6i7s5LtS,https://api.spotify.com/v1/tracks/1RO7CbHU7WbULg6i7s5LtS,https://api.spotify.com/v1/audio-analysis/1RO7CbHU7WbULg6i7s5LtS,270686,4
143,0.793,0.775,11,-7.019,0,0.106,0.378,0.561,0.0706,0.798,133.999,audio_features,74y9q95NblVSvnurtU62WR,spotify:track:74y9q95NblVSvnurtU62WR,https://api.spotify.com/v1/tracks/74y9q95NblVSvnurtU62WR,https://api.spotify.com/v1/audio-analysis/74y9q95NblVSvnurtU62WR,188000,4
144,0.786,0.924,0,-5.521,1,0.0761,0.314,0.0555,0.219,0.224,132.018,audio_features,5v44vaBk8hzii64jBFsmUJ,spotify:track:5v44vaBk8hzii64jBFsmUJ,https://api.spotify.com/v1/tracks/5v44vaBk8hzii64jBFsmUJ,https://api.spotify.com/v1/audio-analysis/5v44vaBk8hzii64jBFsmUJ,214545,4
145,0.712,0.905,0,-5.686,1,0.042,0.0296,0.667,0.0572,0.435,133.968,audio_features,4USV70gRKevsvJE0BDOI38,spotify:track:4USV70gRKevsvJE0BDOI38,https://api.spotify.com/v1/tracks/4USV70gRKevsvJE0BDOI38,https://api.spotify.com/v1/audio-analysis/4USV70gRKevsvJE0BDOI38,337080,4
146,0.902,0.714,6,-6.718,0,0.199,0.00402,0.487,0.128,0.892,140.009,audio_features,4qeIlzP0Z1JFXh0AckDcX8,spotify:track:4qeIlzP0Z1JFXh0AckDcX8,https://api.spotify.com/v1/tracks/4qeIlzP0Z1JFXh0AckDcX8,https://api.spotify.com/v1/audio-analysis/4qeIlzP0Z1JFXh0AckDcX8,151274,4
147,0.78,0.949,2,-2.98,1,0.0555,0.0343,0.0118,0.114,0.691,133.057,audio_features,2T4Nfk0tG4hfYCv06LY6Ej,spotify:track:2T4Nfk0tG4hfYCv06LY6Ej,https://api.spotify.com/v1/tracks/2T4Nfk0tG4hfYCv06LY6Ej,https://api.spotify.com/v1/audio-analysis/2T4Nfk0tG4hfYCv06LY6Ej,137143,4
148,0.325,0.913,4,-9.471,0,0.0394,0.0556,0.923,0.117,0.391,138.005,audio_features,4R7vuI9krwl6PJOH6vijPB,spotify:track:4R7vuI9krwl6PJOH6vijPB,https://api.spotify.com/v1/tracks/4R7vuI9krwl6PJOH6vijPB,https://api.spotify.com/v1/audio-analysis/4R7vuI9krwl6PJOH6vijPB,251692,4
149,0.617,0.824,9,-9.33,0,0.0523,0.000272,0.842,0.0752,0.237,142.989,audio_features,7evLcrrniiw3S0LA8F3P1v,spotify:track:7evLcrrniiw3S0LA8F3P1v,https://api.spotify.com/v1/tracks/7evLcrrniiw3S0LA8F3P1v,https://api.spotify.com/v1/audio-analysis/7evLcrrniiw3S0LA8F3P1v,256519,4
150,0.796,0.669,5,-7.929,0,0.054,0.0565,0.877,0.0615,0.339,129.997,audio_features,4UgstCyrgpaPLVVsf64sez,spotify:track:4UgstCyrgpaPLVVsf64sez,https://api.spotify.com/v1/tracks/4UgstCyrgpaPLVVsf64sez,https://api.spotify.com/v1/audio-analysis/4UgstCyrgpaPLVVsf64sez,325122,4
151,0.75,0.662,4,-15.94,1,0.0753,0.318,0.382,0.0879,0.627,133.032,audio_features,4WUYv43gJtAAIaeSBml8ow,spotify:track:4WUYv43gJtAAIaeSBml8ow,https://api.spotify.com/v1/tracks/4WUYv43gJtAAIaeSBml8ow,https://api.spotify.com/v1/audio-analysis/4WUYv43gJtAAIaeSBml8ow,203910,4
152,0.633,0.755,8,-9.904,1,0.0373,0.00378,0.765,0.445,0.0896,129.988,audio_features,5Un6I8vHv1x0HdWEXjOgwc,spotify:track:5Un6I8vHv1x0HdWEXjOgwc,https://api.spotify.com/v1/tracks/5Un6I8vHv1x0HdWEXjOgwc,https://api.spotify.com/v1/audio-analysis/5Un6I8vHv1x0HdWEXjOgwc,237027,4
153,0.811,0.736,8,-7.443,1,0.179,0.00179,0.811,0.426,0.371,137.028,audio_features,147QfD9wJR5ztI6SpfBj1G,spotify:track:147QfD9wJR5ztI6SpfBj1G,https://api.spotify.com/v1/tracks/147QfD9wJR5ztI6SpfBj1G,https://api.spotify.com/v1/audio-analysis/147QfD9wJR5ztI6SpfBj1G,188100,4
154,0.638,0.841,8,-6.817,1,0.184,0.0962,0.191,0.52,0.35,135.026,audio_features,3jx6OuHForSbsX62V5Dr39,spotify:track:3jx6OuHForSbsX62V5Dr39,https://api.spotify.com/v1/tracks/3jx6OuHForSbsX62V5Dr39,https://api.spotify.com/v1/audio-analysis/3jx6OuHForSbsX62V5Dr39,210557,4
155,0.491,0.819,2,-6.867,0,0.0489,0.0196,0.505,0.26,0.125,133.974,audio_features,5tUlvCKbV6xyAI7MgFuB0p,spotify:track:5tUlvCKbV6xyAI7MgFuB0p,https://api.spotify.com/v1/tracks/5tUlvCKbV6xyAI7MgFuB0p,https://api.spotify.com/v1/audio-analysis/5tUlvCKbV6xyAI7MgFuB0p,215728,4
156,0.769,0.505,1,-7.345,1,0.0829,0.311,7.49E-05,0.0777,0.757,171.804,audio_features,6qspW4YKycviDFjHBOaqUY,spotify:track:6qspW4YKycviDFjHBOaqUY,https://api.spotify.com/v1/tracks/6qspW4YKycviDFjHBOaqUY,https://api.spotify.com/v1/audio-analysis/6qspW4YKycviDFjHBOaqUY,279507,4
157,0.502,0.912,1,-4.556,1,0.0564,2.55E-05,0.000173,0.106,0.72,116.761,audio_features,4CeeEOM32jQcH3eN9Q2dGj,spotify:track:4CeeEOM32jQcH3eN9Q2dGj,https://api.spotify.com/v1/tracks/4CeeEOM32jQcH3eN9Q2dGj,https://api.spotify.com/v1/audio-analysis/4CeeEOM32jQcH3eN9Q2dGj,301920,4
158,0.375,0.893,2,-4.097,1,0.0406,0.000509,0,0.187,0.434,174.323,audio_features,7ygpwy2qP3NbrxVkHvUhXY,spotify:track:7ygpwy2qP3NbrxVkHvUhXY,https://api.spotify.com/v1/tracks/7ygpwy2qP3NbrxVkHvUhXY,https://api.spotify.com/v1/audio-analysis/7ygpwy2qP3NbrxVkHvUhXY,258773,4
159,0.759,0.699,0,-5.745,0,0.0307,0.202,0.000131,0.443,0.907,92.96,audio_features,3MjUtNVVq3C8Fn0MP3zhXa,spotify:track:3MjUtNVVq3C8Fn0MP3zhXa,https://api.spotify.com/v1/tracks/3MjUtNVVq3C8Fn0MP3zhXa,https://api.spotify.com/v1/audio-analysis/3MjUtNVVq3C8Fn0MP3zhXa,211067,4
160,0.689,0.694,6,-5.83,0,0.027,0.257,0,0.148,0.482,99.039,audio_features,47BBI51FKFwOMlIiX6m8ya,spotify:track:47BBI51FKFwOMlIiX6m8ya,https://api.spotify.com/v1/tracks/47BBI51FKFwOMlIiX6m8ya,https://api.spotify.com/v1/audio-analysis/47BBI51FKFwOMlIiX6m8ya,213307,4
161,0.666,0.855,9,-5.051,0,0.0295,0.179,1.20E-06,0.0987,0.803,125.639,audio_features,31AOj9sFz2gM0O3hMARRBx,spotify:track:31AOj9sFz2gM0O3hMARRBx,https://api.spotify.com/v1/tracks/31AOj9sFz2gM0O3hMARRBx,https://api.spotify.com/v1/audio-analysis/31AOj9sFz2gM0O3hMARRBx,268427,4
162,0.687,0.918,7,-4.676,1,0.0392,0.00211,1.26E-05,0.344,0.747,110.06,audio_features,73q3FpQVXWk5eSUnyo83E4,spotify:track:73q3FpQVXWk5eSUnyo83E4,https://api.spotify.com/v1/tracks/73q3FpQVXWk5eSUnyo83E4,https://api.spotify.com/v1/audio-analysis/73q3FpQVXWk5eSUnyo83E4,209400,4
163,0.641,0.861,4,-6.9,1,0.0697,0.228,0,0.868,0.473,105.316,audio_features,17ZAZ24Eyh5fKqQ06u4R3d,spotify:track:17ZAZ24Eyh5fKqQ06u4R3d,https://api.spotify.com/v1/tracks/17ZAZ24Eyh5fKqQ06u4R3d,https://api.spotify.com/v1/audio-analysis/17ZAZ24Eyh5fKqQ06u4R3d,249760,4
164,0.881,0.874,6,-4.505,1,0.139,0.0175,1.14E-06,0.154,0.858,107.891,audio_features,0weAUscowxeqDtpCgtbpgp,spotify:track:0weAUscowxeqDtpCgtbpgp,https://api.spotify.com/v1/tracks/0weAUscowxeqDtpCgtbpgp,https://api.spotify.com/v1/audio-analysis/0weAUscowxeqDtpCgtbpgp,227933,4
165,0.737,0.88,6,-6.449,1,0.0433,0.00379,0.00351,0.417,0.329,115.998,audio_features,27QvYgBk0CHOVHthWnkuWt,spotify:track:27QvYgBk0CHOVHthWnkuWt,https://api.spotify.com/v1/tracks/27QvYgBk0CHOVHthWnkuWt,https://api.spotify.com/v1/audio-analysis/27QvYgBk0CHOVHthWnkuWt,316813,4
166,0.764,0.966,0,-6.286,1,0.0506,0.105,4.34E-05,0.12,0.353,122.674,audio_features,5lxWBU8FM7pqidZcDsgvb3,spotify:track:5lxWBU8FM7pqidZcDsgvb3,https://api.spotify.com/v1/tracks/5lxWBU8FM7pqidZcDsgvb3,https://api.spotify.com/v1/audio-analysis/5lxWBU8FM7pqidZcDsgvb3,267400,4
167,0.557,0.798,6,-7.405,1,0.0935,0.000851,0.675,0.183,0.794,112.187,audio_features,7eheoW4hxrH51ww2QePVwF,spotify:track:7eheoW4hxrH51ww2QePVwF,https://api.spotify.com/v1/tracks/7eheoW4hxrH51ww2QePVwF,https://api.spotify.com/v1/audio-analysis/7eheoW4hxrH51ww2QePVwF,244093,4
168,0.811,0.823,4,-5.921,0,0.0423,0.0553,4.52E-06,0.158,0.827,106.929,audio_features,7L93GESzq43UkKUt5FsOCq,spotify:track:7L93GESzq43UkKUt5FsOCq,https://api.spotify.com/v1/tracks/7L93GESzq43UkKUt5FsOCq,https://api.spotify.com/v1/audio-analysis/7L93GESzq43UkKUt5FsOCq,218547,4
169,0.535,0.505,2,-8.926,0,0.245,0.0393,0,0.0923,0.495,99.935,audio_features,0uEp9E98JB5awlA084uaIg,spotify:track:0uEp9E98JB5awlA084uaIg,https://api.spotify.com/v1/tracks/0uEp9E98JB5awlA084uaIg,https://api.spotify.com/v1/audio-analysis/0uEp9E98JB5awlA084uaIg,320267,4
170,0.543,0.912,7,-10.71,1,0.0601,0.00162,2.10E-06,0.0565,0.836,103.731,audio_features,4ePP9So5xRzspjLFVVbj90,spotify:track:4ePP9So5xRzspjLFVVbj90,https://api.spotify.com/v1/tracks/4ePP9So5xRzspjLFVVbj90,https://api.spotify.com/v1/audio-analysis/4ePP9So5xRzspjLFVVbj90,256733,4
171,0.82,0.528,9,-11.179,1,0.0321,0.111,0.0186,0.257,0.931,120.091,audio_features,3ZpQiJ78LKINrW9SQTgbXd,spotify:track:3ZpQiJ78LKINrW9SQTgbXd,https://api.spotify.com/v1/tracks/3ZpQiJ78LKINrW9SQTgbXd,https://api.spotify.com/v1/audio-analysis/3ZpQiJ78LKINrW9SQTgbXd,272107,4
172,0.392,0.534,0,-8.793,1,0.0369,0.245,0.00104,0.155,0.325,181.305,audio_features,3G69vJMWsX6ZohTykad2AU,spotify:track:3G69vJMWsX6ZohTykad2AU,https://api.spotify.com/v1/tracks/3G69vJMWsX6ZohTykad2AU,https://api.spotify.com/v1/audio-analysis/3G69vJMWsX6ZohTykad2AU,276187,4
173,0.796,0.537,10,-9.383,0,0.0751,0.445,0.0725,0.0862,0.857,97.886,audio_features,60Pjyla2BNnWzWxNXxGa4u,spotify:track:60Pjyla2BNnWzWxNXxGa4u,https://api.spotify.com/v1/tracks/60Pjyla2BNnWzWxNXxGa4u,https://api.spotify.com/v1/audio-analysis/60Pjyla2BNnWzWxNXxGa4u,257670,4
174,0.512,0.574,5,-7.016,1,0.0273,0.0425,2.31E-05,0.105,0.161,119.917,audio_features,5GHY1DFWKz3Prg2V0Iodqo,spotify:track:5GHY1DFWKz3Prg2V0Iodqo,https://api.spotify.com/v1/tracks/5GHY1DFWKz3Prg2V0Iodqo,https://api.spotify.com/v1/audio-analysis/5GHY1DFWKz3Prg2V0Iodqo,280040,4
175,0.55,0.444,7,-7.588,1,0.0292,0.241,0,0.187,0.0438,120.179,audio_features,2RzJwBCXsS1VnjDm2jKKAa,spotify:track:2RzJwBCXsS1VnjDm2jKKAa,https://api.spotify.com/v1/tracks/2RzJwBCXsS1VnjDm2jKKAa,https://api.spotify.com/v1/audio-analysis/2RzJwBCXsS1VnjDm2jKKAa,320667,4
176,0.765,0.29,4,-17.117,0,0.139,0.0279,0,0.571,0.506,92.409,audio_features,0Q0IVlqMV64kNLlwjPj0Hl,spotify:track:0Q0IVlqMV64kNLlwjPj0Hl,https://api.spotify.com/v1/tracks/0Q0IVlqMV64kNLlwjPj0Hl,https://api.spotify.com/v1/audio-analysis/0Q0IVlqMV64kNLlwjPj0Hl,298773,4
177,0.383,0.662,2,-5.162,1,0.0333,0.165,0,0.248,0.138,121.154,audio_features,225xvV8r1yKMHErSWivnow,spotify:track:225xvV8r1yKMHErSWivnow,https://api.spotify.com/v1/tracks/225xvV8r1yKMHErSWivnow,https://api.spotify.com/v1/audio-analysis/225xvV8r1yKMHErSWivnow,298760,4
178,0.554,0.49,4,-8.046,1,0.0457,0.0168,0.000534,0.136,0.513,84.275,audio_features,4zkzkEQGjfzmq0tVzpsMdM,spotify:track:4zkzkEQGjfzmq0tVzpsMdM,https://api.spotify.com/v1/tracks/4zkzkEQGjfzmq0tVzpsMdM,https://api.spotify.com/v1/audio-analysis/4zkzkEQGjfzmq0tVzpsMdM,265507,4
179,0.593,0.642,2,-7.284,1,0.0299,0.313,0.000582,0.0804,0.736,76.403,audio_features,5TAf4lnZCZTLlZHNZMLFLi,spotify:track:5TAf4lnZCZTLlZHNZMLFLi,https://api.spotify.com/v1/tracks/5TAf4lnZCZTLlZHNZMLFLi,https://api.spotify.com/v1/audio-analysis/5TAf4lnZCZTLlZHNZMLFLi,239440,4
180,0.472,0.946,2,-4.591,1,0.145,0.0372,0,0.352,0.486,177.489,audio_features,7LygtNjQ65PSdzVjUnHXQb,spotify:track:7LygtNjQ65PSdzVjUnHXQb,https://api.spotify.com/v1/tracks/7LygtNjQ65PSdzVjUnHXQb,https://api.spotify.com/v1/audio-analysis/7LygtNjQ65PSdzVjUnHXQb,201027,4
181,0.869,0.68,1,-6.233,1,0.318,0.0416,1.12E-06,0.0914,0.815,85.519,audio_features,75IN3CtuZwTHTnZvYM4qnJ,spotify:track:75IN3CtuZwTHTnZvYM4qnJ,https://api.spotify.com/v1/tracks/75IN3CtuZwTHTnZvYM4qnJ,https://api.spotify.com/v1/audio-analysis/75IN3CtuZwTHTnZvYM4qnJ,268400,4
182,0.622,0.807,5,-6.752,0,0.408,0.103,0,0.306,0.892,174.06,audio_features,6x4tKaOzfNJpEJHySoiJcs,spotify:track:6x4tKaOzfNJpEJHySoiJcs,https://api.spotify.com/v1/tracks/6x4tKaOzfNJpEJHySoiJcs,https://api.spotify.com/v1/audio-analysis/6x4tKaOzfNJpEJHySoiJcs,220293,4
183,0.82,0.937,5,-4.81,0,0.0549,0.135,0.000122,0.35,0.906,130.992,audio_features,42nSaPdT6g3ZIMHmKLlP2p,spotify:track:42nSaPdT6g3ZIMHmKLlP2p,https://api.spotify.com/v1/tracks/42nSaPdT6g3ZIMHmKLlP2p,https://api.spotify.com/v1/audio-analysis/42nSaPdT6g3ZIMHmKLlP2p,239400,4
184,0.754,0.819,0,-6.833,1,0.112,0.0684,0,0.345,0.818,142.137,audio_features,5bGmuxShUba9maPswDnhCs,spotify:track:5bGmuxShUba9maPswDnhCs,https://api.spotify.com/v1/tracks/5bGmuxShUba9maPswDnhCs,https://api.spotify.com/v1/audio-analysis/5bGmuxShUba9maPswDnhCs,215800,4
185,0.808,0.786,4,-6.897,0,0.0447,0.00928,0.0701,0.0574,0.899,96.987,audio_features,0hrBpAOgrt8RXigk83LLNE,spotify:track:0hrBpAOgrt8RXigk83LLNE,https://api.spotify.com/v1/tracks/0hrBpAOgrt8RXigk83LLNE,https://api.spotify.com/v1/audio-analysis/0hrBpAOgrt8RXigk83LLNE,191240,4
186,0.553,0.954,2,-4.671,1,0.0538,0.000274,0.151,0.188,0.235,130.046,audio_features,7Duqn8un04Nz5n4PWk83Q5,spotify:track:7Duqn8un04Nz5n4PWk83Q5,https://api.spotify.com/v1/tracks/7Duqn8un04Nz5n4PWk83Q5,https://api.spotify.com/v1/audio-analysis/7Duqn8un04Nz5n4PWk83Q5,301933,4
187,0.541,0.677,4,-10.764,1,0.0373,0.122,0.0191,0.0938,0.555,101.1,audio_features,77pOyJP8PK4XoUr80TqJjr,spotify:track:77pOyJP8PK4XoUr80TqJjr,https://api.spotify.com/v1/tracks/77pOyJP8PK4XoUr80TqJjr,https://api.spotify.com/v1/audio-analysis/77pOyJP8PK4XoUr80TqJjr,316467,4
188,0.801,0.581,5,-8.491,0,0.0681,0.0968,0.000318,0.0971,0.656,107.545,audio_features,2FK7fxjzQEXD7Z32HSF0Hl,spotify:track:2FK7fxjzQEXD7Z32HSF0Hl,https://api.spotify.com/v1/tracks/2FK7fxjzQEXD7Z32HSF0Hl,https://api.spotify.com/v1/audio-analysis/2FK7fxjzQEXD7Z32HSF0Hl,227267,4
189,0.84,0.56,6,-10.53,0,0.21,0.00195,0.00417,0.633,0.775,111.815,audio_features,6m59VvDUi0UQsB2eZ9wVbH,spotify:track:6m59VvDUi0UQsB2eZ9wVbH,https://api.spotify.com/v1/tracks/6m59VvDUi0UQsB2eZ9wVbH,https://api.spotify.com/v1/audio-analysis/6m59VvDUi0UQsB2eZ9wVbH,261853,4
190,0.792,0.819,10,-4.933,0,0.0367,0.00564,0.000163,0.175,0.515,108.056,audio_features,3tH03v5SIWaglfE3rzXzeB,spotify:track:3tH03v5SIWaglfE3rzXzeB,https://api.spotify.com/v1/tracks/3tH03v5SIWaglfE3rzXzeB,https://api.spotify.com/v1/audio-analysis/3tH03v5SIWaglfE3rzXzeB,286307,4
191,0.787,0.63,0,-12.295,1,0.0609,0.0274,6.69E-06,0.161,0.882,125.347,audio_features,6J6RWKCPN5RFKHUKEUFjxS,spotify:track:6J6RWKCPN5RFKHUKEUFjxS,https://api.spotify.com/v1/tracks/6J6RWKCPN5RFKHUKEUFjxS,https://api.spotify.com/v1/audio-analysis/6J6RWKCPN5RFKHUKEUFjxS,267293,4
192,0.749,0.745,2,-10.625,1,0.164,0.000501,0.00403,0.333,0.481,101.972,audio_features,27AHAtAirQapVldIm4c9ZX,spotify:track:27AHAtAirQapVldIm4c9ZX,https://api.spotify.com/v1/tracks/27AHAtAirQapVldIm4c9ZX,https://api.spotify.com/v1/audio-analysis/27AHAtAirQapVldIm4c9ZX,195107,4
193,0.867,0.646,1,-4.674,0,0.288,0.303,0,0.279,0.67,88.634,audio_features,6MdqqkQ8sSC0WB4i8PyRuQ,spotify:track:6MdqqkQ8sSC0WB4i8PyRuQ,https://api.spotify.com/v1/tracks/6MdqqkQ8sSC0WB4i8PyRuQ,https://api.spotify.com/v1/audio-analysis/6MdqqkQ8sSC0WB4i8PyRuQ,304600,4
194,0.348,0.88,2,-7.366,1,0.0978,0.128,0,0.357,0.606,101.185,audio_features,22HYEJveCvykVDHDiEEmjZ,spotify:track:22HYEJveCvykVDHDiEEmjZ,https://api.spotify.com/v1/tracks/22HYEJveCvykVDHDiEEmjZ,https://api.spotify.com/v1/audio-analysis/22HYEJveCvykVDHDiEEmjZ,278779,4
195,0.748,0.939,0,-4.288,0,0.0341,0.0534,0,0.32,0.96,104.001,audio_features,1DSJNBNhGZCigg9ll5VeZv,spotify:track:1DSJNBNhGZCigg9ll5VeZv,https://api.spotify.com/v1/tracks/1DSJNBNhGZCigg9ll5VeZv,https://api.spotify.com/v1/audio-analysis/1DSJNBNhGZCigg9ll5VeZv,198067,4
196,0.768,0.864,11,-6.145,1,0.0324,0.101,0,0.162,0.891,110.008,audio_features,1Je1IMUlBXcx1Fz0WE7oPT,spotify:track:1Je1IMUlBXcx1Fz0WE7oPT,https://api.spotify.com/v1/tracks/1Je1IMUlBXcx1Fz0WE7oPT,https://api.spotify.com/v1/audio-analysis/1Je1IMUlBXcx1Fz0WE7oPT,173027,4
197,0.368,0.849,10,-6.973,0,0.0417,7.70E-05,0.276,0.167,0.377,171.661,audio_features,4bIwOXjK9XhSciQNhBiu3Q,spotify:track:4bIwOXjK9XhSciQNhBiu3Q,https://api.spotify.com/v1/tracks/4bIwOXjK9XhSciQNhBiu3Q,https://api.spotify.com/v1/audio-analysis/4bIwOXjK9XhSciQNhBiu3Q,286840,4
198,0.396,0.0898,1,-14.07,1,0.0362,0.951,8.93E-06,0.106,0.134,117.089,audio_features,6a12yrkah2Fs6FQ8QCdFfP,spotify:track:6a12yrkah2Fs6FQ8QCdFfP,https://api.spotify.com/v1/tracks/6a12yrkah2Fs6FQ8QCdFfP,https://api.spotify.com/v1/audio-analysis/6a12yrkah2Fs6FQ8QCdFfP,270507,3
199,0.294,0.641,11,-9.316,1,0.0291,0.0163,0.22,0.112,0.226,79.759,audio_features,3YRCqOhFifThpSRFJ1VWFM,spotify:track:3YRCqOhFifThpSRFJ1VWFM,https://api.spotify.com/v1/tracks/3YRCqOhFifThpSRFJ1VWFM,https://api.spotify.com/v1/audio-analysis/3YRCqOhFifThpSRFJ1VWFM,536067,4
200,0.697,0.945,10,-6.169,0,0.0419,0.00331,0.0482,0.0946,0.861,125.022,audio_features,1ffslNl0FbbFvorcEVLUFL,spotify:track:1ffslNl0FbbFvorcEVLUFL,https://api.spotify.com/v1/tracks/1ffslNl0FbbFvorcEVLUFL,https://api.spotify.com/v1/audio-analysis/1ffslNl0FbbFvorcEVLUFL,245333,4
201,0.425,0.954,1,-3.756,0,0.0476,0.00414,0,0.0555,0.933,178.043,audio_features,0Ph6L4l8dYUuXFmb71Ajnd,spotify:track:0Ph6L4l8dYUuXFmb71Ajnd,https://api.spotify.com/v1/tracks/0Ph6L4l8dYUuXFmb71Ajnd,https://api.spotify.com/v1/audio-analysis/0Ph6L4l8dYUuXFmb71Ajnd,243160,4
202,0.751,0.939,8,-3.305,0,0.0466,0.0521,0.00056,0.477,0.905,112.041,audio_features,221LRlPHPuevgE1tuUlof9,spotify:track:221LRlPHPuevgE1tuUlof9,https://api.spotify.com/v1/tracks/221LRlPHPuevgE1tuUlof9,https://api.spotify.com/v1/audio-analysis/221LRlPHPuevgE1tuUlof9,200440,4
203,0.384,0.438,0,-9.149,1,0.0362,0.753,0,0.101,0.287,87.903,audio_features,5EQzuYfTZt7B2LqlvTF49l,spotify:track:5EQzuYfTZt7B2LqlvTF49l,https://api.spotify.com/v1/tracks/5EQzuYfTZt7B2LqlvTF49l,https://api.spotify.com/v1/audio-analysis/5EQzuYfTZt7B2LqlvTF49l,456867,4
204,0.52,0.709,5,-7.125,0,0.0352,0.247,1.78E-05,0.18,0.536,76.039,audio_features,6urCAbunOQI4bLhmGpX7iS,spotify:track:6urCAbunOQI4bLhmGpX7iS,https://api.spotify.com/v1/tracks/6urCAbunOQI4bLhmGpX7iS,https://api.spotify.com/v1/audio-analysis/6urCAbunOQI4bLhmGpX7iS,263560,4
205,0.877,0.534,1,-6.178,1,0.15,0.0339,1.67E-05,0.0441,0.89,108.17,audio_features,6e8Ou0wiqAzIpWb2eSxll8,spotify:track:6e8Ou0wiqAzIpWb2eSxll8,https://api.spotify.com/v1/tracks/6e8Ou0wiqAzIpWb2eSxll8,https://api.spotify.com/v1/audio-analysis/6e8Ou0wiqAzIpWb2eSxll8,197560,4
206,0.633,0.8,1,-6.945,1,0.166,0.209,0.000123,0.137,0.913,175.716,audio_features,11mwFrKvLXCbcVGNxffGyP,spotify:track:11mwFrKvLXCbcVGNxffGyP,https://api.spotify.com/v1/tracks/11mwFrKvLXCbcVGNxffGyP,https://api.spotify.com/v1/audio-analysis/11mwFrKvLXCbcVGNxffGyP,217573,4
207,0.612,0.924,9,-3.877,1,0.0316,0.159,4.34E-05,0.103,0.96,115.953,audio_features,3i3GeK0qLQybu4ah42YmCY,spotify:track:3i3GeK0qLQybu4ah42YmCY,https://api.spotify.com/v1/tracks/3i3GeK0qLQybu4ah42YmCY,https://api.spotify.com/v1/audio-analysis/3i3GeK0qLQybu4ah42YmCY,295987,4
208,0.572,0.888,5,-5.202,1,0.0322,0.0615,6.97E-05,0.744,0.594,96.315,audio_features,6IdHsQdCFgZt99tz67nt6V,spotify:track:6IdHsQdCFgZt99tz67nt6V,https://api.spotify.com/v1/tracks/6IdHsQdCFgZt99tz67nt6V,https://api.spotify.com/v1/audio-analysis/6IdHsQdCFgZt99tz67nt6V,245053,4
209,0.566,0.705,0,-7.569,1,0.0311,0.43,0,0.109,0.781,168.152,audio_features,7xUVverKyPPPAW3sDqXhfi,spotify:track:7xUVverKyPPPAW3sDqXhfi,https://api.spotify.com/v1/tracks/7xUVverKyPPPAW3sDqXhfi,https://api.spotify.com/v1/audio-analysis/7xUVverKyPPPAW3sDqXhfi,279400,4
210,0.515,0.43,7,-9.935,1,0.0372,0.0097,0.000133,0.129,0.104,91.844,audio_features,70LcF31zb1H0PyJoS1Sx1r,spotify:track:70LcF31zb1H0PyJoS1Sx1r,https://api.spotify.com/v1/tracks/70LcF31zb1H0PyJoS1Sx1r,https://api.spotify.com/v1/audio-analysis/70LcF31zb1H0PyJoS1Sx1r,238640,4
211,0.565,0.564,2,-10.044,1,0.0292,0.161,0,0.114,0.454,134.355,audio_features,0jWgAnTrNZmOGmqgvHhZEm,spotify:track:0jWgAnTrNZmOGmqgvHhZEm,https://api.spotify.com/v1/tracks/0jWgAnTrNZmOGmqgvHhZEm,https://api.spotify.com/v1/audio-analysis/0jWgAnTrNZmOGmqgvHhZEm,295533,4
212,0.578,0.894,10,-5.42,1,0.0296,0.0103,2.66E-06,0.216,0.741,165.98,audio_features,2dwhMQsFeHr2S787WxqAqW,spotify:track:2dwhMQsFeHr2S787WxqAqW,https://api.spotify.com/v1/tracks/2dwhMQsFeHr2S787WxqAqW,https://api.spotify.com/v1/audio-analysis/2dwhMQsFeHr2S787WxqAqW,347107,4
213,0.767,0.787,3,-9.897,1,0.0331,0.0163,0.583,0.0513,0.964,126.879,audio_features,5QLHGv0DfpeXLNFo7SFEy1,spotify:track:5QLHGv0DfpeXLNFo7SFEy1,https://api.spotify.com/v1/tracks/5QLHGv0DfpeXLNFo7SFEy1,https://api.spotify.com/v1/audio-analysis/5QLHGv0DfpeXLNFo7SFEy1,266200,4
214,0.67,0.558,2,-9.159,1,0.0251,0.238,0,0.106,0.63,80.511,audio_features,5mkGfmJGFZpwK9nA5amOhv,spotify:track:5mkGfmJGFZpwK9nA5amOhv,https://api.spotify.com/v1/tracks/5mkGfmJGFZpwK9nA5amOhv,https://api.spotify.com/v1/audio-analysis/5mkGfmJGFZpwK9nA5amOhv,173493,4
215,0.617,0.871,7,-6.333,1,0.0357,0.007,1.80E-06,0.272,0.618,106.114,audio_features,13SKWUEst7c0WohbwPAJJT,spotify:track:13SKWUEst7c0WohbwPAJJT,https://api.spotify.com/v1/tracks/13SKWUEst7c0WohbwPAJJT,https://api.spotify.com/v1/audio-analysis/13SKWUEst7c0WohbwPAJJT,231510,4
216,0.683,0.937,9,-6.335,1,0.0449,0.00481,0.0046,0.07,0.619,104.872,audio_features,0lnxrQAd9ZxbhBBe7d8FO8,spotify:track:0lnxrQAd9ZxbhBBe7d8FO8,https://api.spotify.com/v1/tracks/0lnxrQAd9ZxbhBBe7d8FO8,https://api.spotify.com/v1/audio-analysis/0lnxrQAd9ZxbhBBe7d8FO8,268653,4
217,0.545,0.902,6,-5.302,1,0.0471,0.0556,0,0.196,0.777,91.251,audio_features,1nrackcWUBo87xecPgry2G,spotify:track:1nrackcWUBo87xecPgry2G,https://api.spotify.com/v1/tracks/1nrackcWUBo87xecPgry2G,https://api.spotify.com/v1/audio-analysis/1nrackcWUBo87xecPgry2G,247573,4
218,0.615,0.467,1,-9.883,1,0.0327,0.314,0,0.099,0.177,119.919,audio_features,28UMiBhn383n9S7GL4tsxD,spotify:track:28UMiBhn383n9S7GL4tsxD,https://api.spotify.com/v1/tracks/28UMiBhn383n9S7GL4tsxD,https://api.spotify.com/v1/audio-analysis/28UMiBhn383n9S7GL4tsxD,273667,4
219,0.68,0.625,11,-7,0,0.0353,0.0645,5.81E-05,0.109,0.814,94.02,audio_features,3x4yV0hW5Ve3TKhFkXSqFn,spotify:track:3x4yV0hW5Ve3TKhFkXSqFn,https://api.spotify.com/v1/tracks/3x4yV0hW5Ve3TKhFkXSqFn,https://api.spotify.com/v1/audio-analysis/3x4yV0hW5Ve3TKhFkXSqFn,266000,4
220,0.862,0.918,10,-7.325,0,0.108,0.0287,1.15E-06,0.0492,0.651,124.811,audio_features,0UAEHlFR79k9CJvknSGUNf,spotify:track:0UAEHlFR79k9CJvknSGUNf,https://api.spotify.com/v1/tracks/0UAEHlFR79k9CJvknSGUNf,https://api.spotify.com/v1/audio-analysis/0UAEHlFR79k9CJvknSGUNf,215040,4
221,0.626,0.134,6,-14.898,1,0.0298,0.467,0,0.113,0.239,91.893,audio_features,1gVgkQFOKa8Wc1HYsJtPdH,spotify:track:1gVgkQFOKa8Wc1HYsJtPdH,https://api.spotify.com/v1/tracks/1gVgkQFOKa8Wc1HYsJtPdH,https://api.spotify.com/v1/audio-analysis/1gVgkQFOKa8Wc1HYsJtPdH,334107,4
222,0.356,0.913,9,-6.015,1,0.0499,0.0339,0,0.221,0.537,171.157,audio_features,1WYEDcS7WGjv0rG7rmMX3o,spotify:track:1WYEDcS7WGjv0rG7rmMX3o,https://api.spotify.com/v1/tracks/1WYEDcS7WGjv0rG7rmMX3o,https://api.spotify.com/v1/audio-analysis/1WYEDcS7WGjv0rG7rmMX3o,359547,4
223,0.608,0.419,11,-10.016,1,0.0331,0.602,7.58E-06,0.108,0.602,100.22,audio_features,4vDBJeeQCbhP9FaPPMsYkY,spotify:track:4vDBJeeQCbhP9FaPPMsYkY,https://api.spotify.com/v1/tracks/4vDBJeeQCbhP9FaPPMsYkY,https://api.spotify.com/v1/audio-analysis/4vDBJeeQCbhP9FaPPMsYkY,268333,4
224,0.694,0.824,1,-6.756,1,0.0909,0.119,7.15E-06,0.152,0.675,95.833,audio_features,5NaOWLOmVjcA3M5spRATN9,spotify:track:5NaOWLOmVjcA3M5spRATN9,https://api.spotify.com/v1/tracks/5NaOWLOmVjcA3M5spRATN9,https://api.spotify.com/v1/audio-analysis/5NaOWLOmVjcA3M5spRATN9,299827,4
225,0.676,0.592,1,-6.887,1,0.0452,0.454,0,0.107,0.337,80.316,audio_features,7Lwo27zrXusqUlAaTgnytp,spotify:track:7Lwo27zrXusqUlAaTgnytp,https://api.spotify.com/v1/tracks/7Lwo27zrXusqUlAaTgnytp,https://api.spotify.com/v1/audio-analysis/7Lwo27zrXusqUlAaTgnytp,183760,4
226,0.52,0.652,5,-6.655,1,0.0274,0.34,5.49E-05,0.256,0.722,80.609,audio_features,6kvoHl80mfCVTv7XnZkjQn,spotify:track:6kvoHl80mfCVTv7XnZkjQn,https://api.spotify.com/v1/tracks/6kvoHl80mfCVTv7XnZkjQn,https://api.spotify.com/v1/audio-analysis/6kvoHl80mfCVTv7XnZkjQn,258787,4
227,0.442,0.943,3,-3.205,1,0.0602,0.00293,8.71E-06,0.091,0.781,85.064,audio_features,6L89mwZXSOwYl76YXfX13s,spotify:track:6L89mwZXSOwYl76YXfX13s,https://api.spotify.com/v1/tracks/6L89mwZXSOwYl76YXfX13s,https://api.spotify.com/v1/audio-analysis/6L89mwZXSOwYl76YXfX13s,181533,4
228,0.798,0.625,11,-9.689,1,0.0548,0.00547,7.98E-05,0.103,0.858,93.764,audio_features,6kWJvPfC4DgUpRsXKNa9z9,spotify:track:6kWJvPfC4DgUpRsXKNa9z9,https://api.spotify.com/v1/tracks/6kWJvPfC4DgUpRsXKNa9z9,https://api.spotify.com/v1/audio-analysis/6kWJvPfC4DgUpRsXKNa9z9,211213,4
229,0.537,0.84,9,-4.626,1,0.0363,0.2,2.15E-06,0.0998,0.211,124.269,audio_features,7mnGQesk1TzQLzQ9bYWZPR,spotify:track:7mnGQesk1TzQLzQ9bYWZPR,https://api.spotify.com/v1/tracks/7mnGQesk1TzQLzQ9bYWZPR,https://api.spotify.com/v1/audio-analysis/7mnGQesk1TzQLzQ9bYWZPR,224693,4
230,0.69,0.74,10,-3.342,1,0.0351,0.447,0,0.0858,0.657,125.092,audio_features,2mqaYmF0XmV8egZB6jQOtN,spotify:track:2mqaYmF0XmV8egZB6jQOtN,https://api.spotify.com/v1/tracks/2mqaYmF0XmV8egZB6jQOtN,https://api.spotify.com/v1/audio-analysis/2mqaYmF0XmV8egZB6jQOtN,233415,4
231,0.431,0.59,4,-6.362,1,0.0284,0.163,1.11E-05,0.0981,0.257,150.193,audio_features,7CKbqqrs0AS1si1ZgaQdcj,spotify:track:7CKbqqrs0AS1si1ZgaQdcj,https://api.spotify.com/v1/tracks/7CKbqqrs0AS1si1ZgaQdcj,https://api.spotify.com/v1/audio-analysis/7CKbqqrs0AS1si1ZgaQdcj,265333,4
232,0.579,0.8,5,-4.788,1,0.0266,0.0255,0.000202,0.152,0.282,98,audio_features,3fT9nfnv5uLyPsx6ymre7z,spotify:track:3fT9nfnv5uLyPsx6ymre7z,https://api.spotify.com/v1/tracks/3fT9nfnv5uLyPsx6ymre7z,https://api.spotify.com/v1/audio-analysis/3fT9nfnv5uLyPsx6ymre7z,264093,4
233,0.712,0.762,7,-4.307,1,0.0326,0.026,0,0.0981,0.842,103.032,audio_features,7oQSevUCbYs4QawXTHQVV1,spotify:track:7oQSevUCbYs4QawXTHQVV1,https://api.spotify.com/v1/tracks/7oQSevUCbYs4QawXTHQVV1,https://api.spotify.com/v1/audio-analysis/7oQSevUCbYs4QawXTHQVV1,260560,4
234,0.475,0.432,7,-7.844,1,0.0302,0.183,0,0.161,0.648,94.605,audio_features,6ORqU0bHbVCRjXm9AjyHyZ,spotify:track:6ORqU0bHbVCRjXm9AjyHyZ,https://api.spotify.com/v1/tracks/6ORqU0bHbVCRjXm9AjyHyZ,https://api.spotify.com/v1/audio-analysis/6ORqU0bHbVCRjXm9AjyHyZ,153467,4
235,0.682,0.765,1,-5.021,0,0.0395,0.0268,3.42E-05,0.188,0.567,90.807,audio_features,2hnMS47jN0etwvFPzYk11f,spotify:track:2hnMS47jN0etwvFPzYk11f,https://api.spotify.com/v1/tracks/2hnMS47jN0etwvFPzYk11f,https://api.spotify.com/v1/audio-analysis/2hnMS47jN0etwvFPzYk11f,182747,4
236,0.706,0.888,2,-6.959,1,0.0654,0.119,9.64E-05,0.07,0.714,121.549,audio_features,5Mmk2ii6laakqfeCT7OnVD,spotify:track:5Mmk2ii6laakqfeCT7OnVD,https://api.spotify.com/v1/tracks/5Mmk2ii6laakqfeCT7OnVD,https://api.spotify.com/v1/audio-analysis/5Mmk2ii6laakqfeCT7OnVD,253733,4
237,0.704,0.636,9,-6.029,1,0.0252,0.0344,0,0.35,0.89,111.845,audio_features,7aQjPecQdIuNd1sz3KCDhD,spotify:track:7aQjPecQdIuNd1sz3KCDhD,https://api.spotify.com/v1/tracks/7aQjPecQdIuNd1sz3KCDhD,https://api.spotify.com/v1/audio-analysis/7aQjPecQdIuNd1sz3KCDhD,193953,4
238,0.729,0.936,9,-7.536,1,0.0776,0.0129,0.000892,0.0367,0.598,131.986,audio_features,06hsdMbBxWGqBO0TV0Zrkf,spotify:track:06hsdMbBxWGqBO0TV0Zrkf,https://api.spotify.com/v1/tracks/06hsdMbBxWGqBO0TV0Zrkf,https://api.spotify.com/v1/audio-analysis/06hsdMbBxWGqBO0TV0Zrkf,194000,4
239,0.694,0.881,1,-4.053,0,0.0701,0.0153,0.0196,0.0851,0.924,121.554,audio_features,2He3NOyqtLNE3RQPpeDdSb,spotify:track:2He3NOyqtLNE3RQPpeDdSb,https://api.spotify.com/v1/tracks/2He3NOyqtLNE3RQPpeDdSb,https://api.spotify.com/v1/audio-analysis/2He3NOyqtLNE3RQPpeDdSb,231787,4
240,0.456,0.635,11,-5.731,1,0.0573,0.245,0,0.194,0.293,170.652,audio_features,29YBihzQOmat0U74k4ukdx,spotify:track:29YBihzQOmat0U74k4ukdx,https://api.spotify.com/v1/tracks/29YBihzQOmat0U74k4ukdx,https://api.spotify.com/v1/audio-analysis/29YBihzQOmat0U74k4ukdx,228573,4
241,0.562,0.896,10,-7.974,0,0.203,0.0117,0,0.322,0.362,93.378,audio_features,6rRIRMEhVclbTleCJQsrPm,spotify:track:6rRIRMEhVclbTleCJQsrPm,https://api.spotify.com/v1/tracks/6rRIRMEhVclbTleCJQsrPm,https://api.spotify.com/v1/audio-analysis/6rRIRMEhVclbTleCJQsrPm,284093,4
242,0.618,0.893,6,-6.475,1,0.109,0.171,3.17E-05,0.285,0.515,91.972,audio_features,2Bxt2qamL6iu0XN0Td484J,spotify:track:2Bxt2qamL6iu0XN0Td484J,https://api.spotify.com/v1/tracks/2Bxt2qamL6iu0XN0Td484J,https://api.spotify.com/v1/audio-analysis/2Bxt2qamL6iu0XN0Td484J,340907,4
243,0.643,0.934,11,-6.651,0,0.0513,0.0348,0.000654,0.303,0.929,119.838,audio_features,2fiRJjWb9uk21Gva6oHpKs,spotify:track:2fiRJjWb9uk21Gva6oHpKs,https://api.spotify.com/v1/tracks/2fiRJjWb9uk21Gva6oHpKs,https://api.spotify.com/v1/audio-analysis/2fiRJjWb9uk21Gva6oHpKs,242973,4
244,0.507,0.752,5,-5.439,0,0.0343,0.251,2.10E-05,0.142,0.554,76.071,audio_features,6JGQ98So2ik5GVI9ydQ2Yh,spotify:track:6JGQ98So2ik5GVI9ydQ2Yh,https://api.spotify.com/v1/tracks/6JGQ98So2ik5GVI9ydQ2Yh,https://api.spotify.com/v1/audio-analysis/6JGQ98So2ik5GVI9ydQ2Yh,262747,4
245,0.744,0.453,5,-11.977,1,0.0348,0.627,0.421,0.0898,0.122,103.773,audio_features,1PEqh7awkpuepLBSq8ZwqD,spotify:track:1PEqh7awkpuepLBSq8ZwqD,https://api.spotify.com/v1/tracks/1PEqh7awkpuepLBSq8ZwqD,https://api.spotify.com/v1/audio-analysis/1PEqh7awkpuepLBSq8ZwqD,239960,4
246,0.731,0.867,11,-5.881,1,0.032,0.0395,0,0.0861,0.776,104.019,audio_features,3cfOd4CMv2snFaKAnMdnvK,spotify:track:3cfOd4CMv2snFaKAnMdnvK,https://api.spotify.com/v1/tracks/3cfOd4CMv2snFaKAnMdnvK,https://api.spotify.com/v1/audio-analysis/3cfOd4CMv2snFaKAnMdnvK,200373,4
247,0.757,0.868,3,-4.986,0,0.0358,0.0953,0,0.244,0.929,112.973,audio_features,7qD9lD0dabABT6y3Vw3uVX,spotify:track:7qD9lD0dabABT6y3Vw3uVX,https://api.spotify.com/v1/tracks/7qD9lD0dabABT6y3Vw3uVX,https://api.spotify.com/v1/audio-analysis/7qD9lD0dabABT6y3Vw3uVX,219467,4
248,0.619,0.865,7,-5.385,0,0.0339,0.00223,0.00451,0.141,0.701,137.987,audio_features,1d2O0FAl7OrNNu7Ed3bGrK,spotify:track:1d2O0FAl7OrNNu7Ed3bGrK,https://api.spotify.com/v1/tracks/1d2O0FAl7OrNNu7Ed3bGrK,https://api.spotify.com/v1/audio-analysis/1d2O0FAl7OrNNu7Ed3bGrK,176027,4
249,0.857,0.867,6,-4.952,0,0.063,0.0271,0,0.128,0.918,104.405,audio_features,4h1T8pUzl9VtudWWlVAxxz,spotify:track:4h1T8pUzl9VtudWWlVAxxz,https://api.spotify.com/v1/tracks/4h1T8pUzl9VtudWWlVAxxz,https://api.spotify.com/v1/audio-analysis/4h1T8pUzl9VtudWWlVAxxz,253133,4
250,0.723,0.73,9,-4.573,0,0.287,0.268,0,0.0639,0.764,84.708,audio_features,3dbCYM0LJR8tiL0W1XXmpK,spotify:track:3dbCYM0LJR8tiL0W1XXmpK,https://api.spotify.com/v1/tracks/3dbCYM0LJR8tiL0W1XXmpK,https://api.spotify.com/v1/audio-analysis/3dbCYM0LJR8tiL0W1XXmpK,249587,4
251,0.546,0.613,10,-7.938,0,0.048,0.16,0.00403,0.13,0.446,68.172,audio_features,4NyKEVldCvokxpmeFBNNXI,spotify:track:4NyKEVldCvokxpmeFBNNXI,https://api.spotify.com/v1/tracks/4NyKEVldCvokxpmeFBNNXI,https://api.spotify.com/v1/audio-analysis/4NyKEVldCvokxpmeFBNNXI,284293,4
252,0.811,0.697,8,-8.019,1,0.0502,0.0923,0.0144,0.0784,0.712,120.242,audio_features,66X03EIfE1zm99rd4SfL71,spotify:track:66X03EIfE1zm99rd4SfL71,https://api.spotify.com/v1/tracks/66X03EIfE1zm99rd4SfL71,https://api.spotify.com/v1/audio-analysis/66X03EIfE1zm99rd4SfL71,280467,4
253,0.767,0.787,3,-9.897,1,0.0331,0.0163,0.583,0.0513,0.964,126.879,audio_features,5QLHGv0DfpeXLNFo7SFEy1,spotify:track:5QLHGv0DfpeXLNFo7SFEy1,https://api.spotify.com/v1/tracks/5QLHGv0DfpeXLNFo7SFEy1,https://api.spotify.com/v1/audio-analysis/5QLHGv0DfpeXLNFo7SFEy1,266200,4
254,0.41,0.347,8,-11.201,1,0.0445,0.876,6.71E-06,0.864,0.169,106.55,audio_features,4tYMue7ZvHx9ES2di2ZyoW,spotify:track:4tYMue7ZvHx9ES2di2ZyoW,https://api.spotify.com/v1/tracks/4tYMue7ZvHx9ES2di2ZyoW,https://api.spotify.com/v1/audio-analysis/4tYMue7ZvHx9ES2di2ZyoW,266307,4
255,0.651,0.804,4,-6.264,0,0.0283,0.0095,0.00386,0.182,0.713,114.635,audio_features,0AxdJGlXJjEUsNONDuT2pe,spotify:track:0AxdJGlXJjEUsNONDuT2pe,https://api.spotify.com/v1/tracks/0AxdJGlXJjEUsNONDuT2pe,https://api.spotify.com/v1/audio-analysis/0AxdJGlXJjEUsNONDuT2pe,200067,4
256,0.75,0.914,10,-5.707,0,0.0704,0.13,2.33E-05,0.392,0.673,99.083,audio_features,6VWFrHAnLDyNUEJbJvpkZA,spotify:track:6VWFrHAnLDyNUEJbJvpkZA,https://api.spotify.com/v1/tracks/6VWFrHAnLDyNUEJbJvpkZA,https://api.spotify.com/v1/audio-analysis/6VWFrHAnLDyNUEJbJvpkZA,201200,4
257,0.584,0.533,10,-7.11,0,0.0305,0.684,0,0.306,0.224,131.745,audio_features,3YKptz29AsOlm7WAVnztBh,spotify:track:3YKptz29AsOlm7WAVnztBh,https://api.spotify.com/v1/tracks/3YKptz29AsOlm7WAVnztBh,https://api.spotify.com/v1/audio-analysis/3YKptz29AsOlm7WAVnztBh,288427,3
258,0.439,0.434,7,-14.918,1,0.0265,0.0783,4.87E-05,0.14,0.204,94.845,audio_features,0gEyKnHvgkrkBM6fbeHdwK,spotify:track:0gEyKnHvgkrkBM6fbeHdwK,https://api.spotify.com/v1/tracks/0gEyKnHvgkrkBM6fbeHdwK,https://api.spotify.com/v1/audio-analysis/0gEyKnHvgkrkBM6fbeHdwK,274707,4
259,0.694,0.824,1,-6.756,1,0.0909,0.119,7.15E-06,0.152,0.675,95.833,audio_features,5NaOWLOmVjcA3M5spRATN9,spotify:track:5NaOWLOmVjcA3M5spRATN9,https://api.spotify.com/v1/tracks/5NaOWLOmVjcA3M5spRATN9,https://api.spotify.com/v1/audio-analysis/5NaOWLOmVjcA3M5spRATN9,299827,4
260,0.535,0.523,2,-7.601,1,0.0312,0.603,0,0.0943,0.17,107.889,audio_features,3hp4ojt7tHLWwz6SaR7vkw,spotify:track:3hp4ojt7tHLWwz6SaR7vkw,https://api.spotify.com/v1/tracks/3hp4ojt7tHLWwz6SaR7vkw,https://api.spotify.com/v1/audio-analysis/3hp4ojt7tHLWwz6SaR7vkw,273933,4
261,0.607,0.317,7,-10.244,0,0.029,0.732,4.53E-05,0.086,0.111,108.122,audio_features,3RSpK5Y0y5tl25qvssrwJ6,spotify:track:3RSpK5Y0y5tl25qvssrwJ6,https://api.spotify.com/v1/tracks/3RSpK5Y0y5tl25qvssrwJ6,https://api.spotify.com/v1/audio-analysis/3RSpK5Y0y5tl25qvssrwJ6,230933,4
262,0.551,0.563,10,-8.951,0,0.0283,0.0694,5.51E-05,0.0775,0.198,95.109,audio_features,4gNeiiz86Y5wekGwfIybXW,spotify:track:4gNeiiz86Y5wekGwfIybXW,https://api.spotify.com/v1/tracks/4gNeiiz86Y5wekGwfIybXW,https://api.spotify.com/v1/audio-analysis/4gNeiiz86Y5wekGwfIybXW,314040,4
263,0.55,0.562,9,-7.392,1,0.0464,0.598,4.24E-06,0.067,0.281,148.167,audio_features,1YisXNr4DPHcPB4v5XfQ0t,spotify:track:1YisXNr4DPHcPB4v5XfQ0t,https://api.spotify.com/v1/tracks/1YisXNr4DPHcPB4v5XfQ0t,https://api.spotify.com/v1/audio-analysis/1YisXNr4DPHcPB4v5XfQ0t,262573,4
264,0.327,0.384,10,-8.093,1,0.032,0.612,1.28E-06,0.117,0.0524,129.985,audio_features,2PWnjWaIVuDeT4mXZgHWgR,spotify:track:2PWnjWaIVuDeT4mXZgHWgR,https://api.spotify.com/v1/tracks/2PWnjWaIVuDeT4mXZgHWgR,https://api.spotify.com/v1/audio-analysis/2PWnjWaIVuDeT4mXZgHWgR,260627,4
265,0.722,0.616,9,-10.245,1,0.172,0.185,0,0.35,0.82,95.087,audio_features,6XaEGZgf8ZGmwmo5VExO0f,spotify:track:6XaEGZgf8ZGmwmo5VExO0f,https://api.spotify.com/v1/tracks/6XaEGZgf8ZGmwmo5VExO0f,https://api.spotify.com/v1/audio-analysis/6XaEGZgf8ZGmwmo5VExO0f,312960,4
266,0.704,0.636,9,-6.029,1,0.0252,0.0344,0,0.35,0.89,111.845,audio_features,7aQjPecQdIuNd1sz3KCDhD,spotify:track:7aQjPecQdIuNd1sz3KCDhD,https://api.spotify.com/v1/tracks/7aQjPecQdIuNd1sz3KCDhD,https://api.spotify.com/v1/audio-analysis/7aQjPecQdIuNd1sz3KCDhD,193953,4
267,0.763,0.742,6,-10.975,0,0.188,0.0984,0,0.38,0.483,98.145,audio_features,2LjiPAQOVazT8sRyXL3XRs,spotify:track:2LjiPAQOVazT8sRyXL3XRs,https://api.spotify.com/v1/tracks/2LjiPAQOVazT8sRyXL3XRs,https://api.spotify.com/v1/audio-analysis/2LjiPAQOVazT8sRyXL3XRs,268910,4
268,0.608,0.419,11,-10.016,1,0.0331,0.602,7.58E-06,0.108,0.602,100.22,audio_features,4vDBJeeQCbhP9FaPPMsYkY,spotify:track:4vDBJeeQCbhP9FaPPMsYkY,https://api.spotify.com/v1/tracks/4vDBJeeQCbhP9FaPPMsYkY,https://api.spotify.com/v1/audio-analysis/4vDBJeeQCbhP9FaPPMsYkY,268333,4
269,0.68,0.625,11,-7,0,0.0353,0.0645,5.81E-05,0.109,0.814,94.02,audio_features,3x4yV0hW5Ve3TKhFkXSqFn,spotify:track:3x4yV0hW5Ve3TKhFkXSqFn,https://api.spotify.com/v1/tracks/3x4yV0hW5Ve3TKhFkXSqFn,https://api.spotify.com/v1/audio-analysis/3x4yV0hW5Ve3TKhFkXSqFn,266000,4
270,0.533,0.702,9,-8.504,0,0.0265,0.0549,0.0221,0.27,0.515,140.201,audio_features,3fsTb3a8l5kJrtzpl04Ljr,spotify:track:3fsTb3a8l5kJrtzpl04Ljr,https://api.spotify.com/v1/tracks/3fsTb3a8l5kJrtzpl04Ljr,https://api.spotify.com/v1/audio-analysis/3fsTb3a8l5kJrtzpl04Ljr,276800,4
271,0.798,0.625,11,-9.689,1,0.0548,0.00547,7.98E-05,0.103,0.858,93.764,audio_features,6kWJvPfC4DgUpRsXKNa9z9,spotify:track:6kWJvPfC4DgUpRsXKNa9z9,https://api.spotify.com/v1/tracks/6kWJvPfC4DgUpRsXKNa9z9,https://api.spotify.com/v1/audio-analysis/6kWJvPfC4DgUpRsXKNa9z9,211213,4
272,0.701,0.539,2,-8.968,1,0.0277,0.000655,0.005,0.0589,0.752,107.531,audio_features,0z1b34WikhOH9ZxU8QDWcv,spotify:track:0z1b34WikhOH9ZxU8QDWcv,https://api.spotify.com/v1/tracks/0z1b34WikhOH9ZxU8QDWcv,https://api.spotify.com/v1/audio-analysis/0z1b34WikhOH9ZxU8QDWcv,312627,4
273,0.74,0.752,9,-7.008,0,0.0359,0.0409,0.00125,0.0233,0.939,114.851,audio_features,0cELvuwJW1acISUHYB6suj,spotify:track:0cELvuwJW1acISUHYB6suj,https://api.spotify.com/v1/tracks/0cELvuwJW1acISUHYB6suj,https://api.spotify.com/v1/audio-analysis/0cELvuwJW1acISUHYB6suj,248093,4
274,0.52,0.652,5,-6.655,1,0.0274,0.34,5.49E-05,0.256,0.722,80.609,audio_features,6kvoHl80mfCVTv7XnZkjQn,spotify:track:6kvoHl80mfCVTv7XnZkjQn,https://api.spotify.com/v1/tracks/6kvoHl80mfCVTv7XnZkjQn,https://api.spotify.com/v1/audio-analysis/6kvoHl80mfCVTv7XnZkjQn,258787,4
275,0.49,0.873,6,-5.861,1,0.0355,0.107,5.19E-06,0.118,0.513,103.272,audio_features,1OFKUn2VLafrHj7ybnap0Q,spotify:track:1OFKUn2VLafrHj7ybnap0Q,https://api.spotify.com/v1/tracks/1OFKUn2VLafrHj7ybnap0Q,https://api.spotify.com/v1/audio-analysis/1OFKUn2VLafrHj7ybnap0Q,229587,4
276,0.775,0.924,8,-3.723,1,0.0467,0.111,0.0262,0.363,0.666,121.284,audio_features,6Rqw1jey72hy6LCSotsFS7,spotify:track:6Rqw1jey72hy6LCSotsFS7,https://api.spotify.com/v1/tracks/6Rqw1jey72hy6LCSotsFS7,https://api.spotify.com/v1/audio-analysis/6Rqw1jey72hy6LCSotsFS7,206600,4
277,0.69,0.805,5,-11.522,0,0.0336,0.000232,0.739,0.095,0.799,127.808,audio_features,3L9RIFcNF9IDGPRE96EO7N,spotify:track:3L9RIFcNF9IDGPRE96EO7N,https://api.spotify.com/v1/tracks/3L9RIFcNF9IDGPRE96EO7N,https://api.spotify.com/v1/audio-analysis/3L9RIFcNF9IDGPRE96EO7N,264280,4
278,0.703,0.997,9,-7.666,0,0.0399,0.0726,0.0235,0.123,0.391,132.872,audio_features,4ih3dyFZoeTdaeJW9mPbOI,spotify:track:4ih3dyFZoeTdaeJW9mPbOI,https://api.spotify.com/v1/tracks/4ih3dyFZoeTdaeJW9mPbOI,https://api.spotify.com/v1/audio-analysis/4ih3dyFZoeTdaeJW9mPbOI,257467,4
279,0.728,0.784,11,-11.776,1,0.0379,0.0449,0.0918,0.0964,0.964,129.981,audio_features,59VRFpPnC8pOhIH2WCWXF9,spotify:track:59VRFpPnC8pOhIH2WCWXF9,https://api.spotify.com/v1/tracks/59VRFpPnC8pOhIH2WCWXF9,https://api.spotify.com/v1/audio-analysis/59VRFpPnC8pOhIH2WCWXF9,247406,4
280,0.812,0.879,1,-10.998,0,0.0397,0.0167,0.224,0.366,0.962,129.991,audio_features,5ZrDlcxIDZyjOzHdYW1ydr,spotify:track:5ZrDlcxIDZyjOzHdYW1ydr,https://api.spotify.com/v1/tracks/5ZrDlcxIDZyjOzHdYW1ydr,https://api.spotify.com/v1/audio-analysis/5ZrDlcxIDZyjOzHdYW1ydr,197960,4
281,0.869,0.887,0,-4.505,1,0.0993,0.0605,0,0.148,0.784,129.221,audio_features,1H5tvpoApNDxvxDexoaAUo,spotify:track:1H5tvpoApNDxvxDexoaAUo,https://api.spotify.com/v1/tracks/1H5tvpoApNDxvxDexoaAUo,https://api.spotify.com/v1/audio-analysis/1H5tvpoApNDxvxDexoaAUo,198400,4
282,0.949,0.661,5,-4.244,0,0.0572,0.0302,0,0.0454,0.76,104.504,audio_features,3yfqSUWxFvZELEM4PmlwIR,spotify:track:3yfqSUWxFvZELEM4PmlwIR,https://api.spotify.com/v1/tracks/3yfqSUWxFvZELEM4PmlwIR,https://api.spotify.com/v1/audio-analysis/3yfqSUWxFvZELEM4PmlwIR,284200,4
283,0.741,0.824,10,-4.143,0,0.0352,0.614,0,0.158,0.725,100.216,audio_features,6bK9BH9Ts8Gj5JFvnQkzak,spotify:track:6bK9BH9Ts8Gj5JFvnQkzak,https://api.spotify.com/v1/tracks/6bK9BH9Ts8Gj5JFvnQkzak,https://api.spotify.com/v1/audio-analysis/6bK9BH9Ts8Gj5JFvnQkzak,211666,4
284,0.623,0.607,10,-5.113,1,0.0353,0.147,3.29E-06,0.227,0.614,89.654,audio_features,2aGw77pZqli064JiPuXYRi,spotify:track:2aGw77pZqli064JiPuXYRi,https://api.spotify.com/v1/tracks/2aGw77pZqli064JiPuXYRi,https://api.spotify.com/v1/audio-analysis/2aGw77pZqli064JiPuXYRi,243160,4
285,0.805,0.763,6,-2.955,1,0.0942,0.121,0,0.047,0.82,85.289,audio_features,3njcsRzRNdtYGd9jvRp6bJ,spotify:track:3njcsRzRNdtYGd9jvRp6bJ,https://api.spotify.com/v1/tracks/3njcsRzRNdtYGd9jvRp6bJ,https://api.spotify.com/v1/audio-analysis/3njcsRzRNdtYGd9jvRp6bJ,235147,4
286,0.853,0.606,0,-4.596,1,0.0713,0.0561,0,0.313,0.654,94.759,audio_features,3WkibOpDF7cQ5xntM1epyf,spotify:track:3WkibOpDF7cQ5xntM1epyf,https://api.spotify.com/v1/tracks/3WkibOpDF7cQ5xntM1epyf,https://api.spotify.com/v1/audio-analysis/3WkibOpDF7cQ5xntM1epyf,227600,4
287,0.734,0.848,1,-5.285,0,0.0309,0.00312,1.16E-05,0.313,0.863,117.31,audio_features,2Za2mUwmQoSxWPscaY2vxl,spotify:track:2Za2mUwmQoSxWPscaY2vxl,https://api.spotify.com/v1/tracks/2Za2mUwmQoSxWPscaY2vxl,https://api.spotify.com/v1/audio-analysis/2Za2mUwmQoSxWPscaY2vxl,230013,4
288,0.826,0.721,0,-14.066,1,0.0668,0.102,8.13E-06,0.112,0.64,96.998,audio_features,4zPJXluWPGkIZLEQ5JK6aD,spotify:track:4zPJXluWPGkIZLEQ5JK6aD,https://api.spotify.com/v1/tracks/4zPJXluWPGkIZLEQ5JK6aD,https://api.spotify.com/v1/audio-analysis/4zPJXluWPGkIZLEQ5JK6aD,401667,4
289,0.721,0.74,1,-5.453,1,0.0413,0.113,4.07E-05,0.0847,0.716,104.812,audio_features,5LGqFIVBf3ZUeFBpc87CFS,spotify:track:5LGqFIVBf3ZUeFBpc87CFS,https://api.spotify.com/v1/tracks/5LGqFIVBf3ZUeFBpc87CFS,https://api.spotify.com/v1/audio-analysis/5LGqFIVBf3ZUeFBpc87CFS,216040,4
290,0.723,0.895,11,-3.707,0,0.102,0.088,0,0.0717,0.963,143.373,audio_features,3SFXsFpeGmBTtQvKiwYMDA,spotify:track:3SFXsFpeGmBTtQvKiwYMDA,https://api.spotify.com/v1/tracks/3SFXsFpeGmBTtQvKiwYMDA,https://api.spotify.com/v1/audio-analysis/3SFXsFpeGmBTtQvKiwYMDA,188667,4
291,0.666,0.936,7,-9.919,1,0.0476,0.00244,0.086,0.153,0.776,91.577,audio_features,0uppYCG86ajpV2hSR3dJJ0,spotify:track:0uppYCG86ajpV2hSR3dJJ0,https://api.spotify.com/v1/tracks/0uppYCG86ajpV2hSR3dJJ0,https://api.spotify.com/v1/audio-analysis/0uppYCG86ajpV2hSR3dJJ0,282907,4
292,0.531,0.909,11,-4.236,1,0.034,0.0175,0,0.231,0.814,97.546,audio_features,1Dr1fXbc2IxaK1Mu8P8Khz,spotify:track:1Dr1fXbc2IxaK1Mu8P8Khz,https://api.spotify.com/v1/tracks/1Dr1fXbc2IxaK1Mu8P8Khz,https://api.spotify.com/v1/audio-analysis/1Dr1fXbc2IxaK1Mu8P8Khz,178000,4
293,0.736,0.811,9,-4.17,0,0.081,0.00132,0.000142,0.107,0.609,103.502,audio_features,4BggEwLhGfrbrl7JBhC8EC,spotify:track:4BggEwLhGfrbrl7JBhC8EC,https://api.spotify.com/v1/tracks/4BggEwLhGfrbrl7JBhC8EC,https://api.spotify.com/v1/audio-analysis/4BggEwLhGfrbrl7JBhC8EC,216733,4
294,0.791,0.702,1,-7.333,1,0.0623,0.0174,0,0.423,0.789,103.646,audio_features,6aJ90LBl96bly9zuEH1U2X,spotify:track:6aJ90LBl96bly9zuEH1U2X,https://api.spotify.com/v1/tracks/6aJ90LBl96bly9zuEH1U2X,https://api.spotify.com/v1/audio-analysis/6aJ90LBl96bly9zuEH1U2X,237547,4
295,0.621,0.901,2,-5.396,1,0.0302,0.17,0,0.0875,0.744,113.967,audio_features,1Cwsd5xI8CajJz795oy4XF,spotify:track:1Cwsd5xI8CajJz795oy4XF,https://api.spotify.com/v1/tracks/1Cwsd5xI8CajJz795oy4XF,https://api.spotify.com/v1/audio-analysis/1Cwsd5xI8CajJz795oy4XF,300773,4
296,0.51,0.931,11,-3.302,1,0.347,0.0738,0,0.5,0.53,201.936,audio_features,0LWkaEyQRkF0XAms8Bg1fC,spotify:track:0LWkaEyQRkF0XAms8Bg1fC,https://api.spotify.com/v1/tracks/0LWkaEyQRkF0XAms8Bg1fC,https://api.spotify.com/v1/audio-analysis/0LWkaEyQRkF0XAms8Bg1fC,268867,4
297,0.578,0.817,0,-6.542,1,0.0363,0.183,3.06E-06,0.285,0.726,141.621,audio_features,5DiXcVovI0FcY2s0icWWUu,spotify:track:5DiXcVovI0FcY2s0icWWUu,https://api.spotify.com/v1/tracks/5DiXcVovI0FcY2s0icWWUu,https://api.spotify.com/v1/audio-analysis/5DiXcVovI0FcY2s0icWWUu,272293,4
298,0.526,0.749,3,-6.964,1,0.0283,0.023,1.76E-06,0.0692,0.421,99.982,audio_features,754kgU5rWscRTfvlsuEwFp,spotify:track:754kgU5rWscRTfvlsuEwFp,https://api.spotify.com/v1/tracks/754kgU5rWscRTfvlsuEwFp,https://api.spotify.com/v1/audio-analysis/754kgU5rWscRTfvlsuEwFp,208680,4
299,0.664,0.622,10,-8.505,1,0.0253,0.0994,0.0738,0.112,0.614,102.342,audio_features,7zB3ZhA5v33pA4rCdKKGqq,spotify:track:7zB3ZhA5v33pA4rCdKKGqq,https://api.spotify.com/v1/tracks/7zB3ZhA5v33pA4rCdKKGqq,https://api.spotify.com/v1/audio-analysis/7zB3ZhA5v33pA4rCdKKGqq,310333,4
300,0.713,0.234,1,-17.876,0,0.911,0.546,0,0.246,0.388,97.483,audio_features,0LpF3BJplNYWei6BmgZJwq,spotify:track:0LpF3BJplNYWei6BmgZJwq,https://api.spotify.com/v1/tracks/0LpF3BJplNYWei6BmgZJwq,https://api.spotify.com/v1/audio-analysis/0LpF3BJplNYWei6BmgZJwq,133400,4
301,0.408,0.582,11,-8.305,1,0.0508,0.218,0,0.159,0.365,114.926,audio_features,1d6KS9GH06JAd19uiBy9IE,spotify:track:1d6KS9GH06JAd19uiBy9IE,https://api.spotify.com/v1/tracks/1d6KS9GH06JAd19uiBy9IE,https://api.spotify.com/v1/audio-analysis/1d6KS9GH06JAd19uiBy9IE,230000,5
302,0.888,0.822,5,-6.843,0,0.219,0.0025,0.0197,0.303,0.233,102.753,audio_features,4dY4JVC0Q9CwpeZ6JAclIc,spotify:track:4dY4JVC0Q9CwpeZ6JAclIc,https://api.spotify.com/v1/tracks/4dY4JVC0Q9CwpeZ6JAclIc,https://api.spotify.com/v1/audio-analysis/4dY4JVC0Q9CwpeZ6JAclIc,312360,4
303,0.673,0.829,1,-6.059,1,0.0469,0.0026,0,0.194,0.854,88.062,audio_features,7FJXmwkTvxEcAelZ0scUCm,spotify:track:7FJXmwkTvxEcAelZ0scUCm,https://api.spotify.com/v1/tracks/7FJXmwkTvxEcAelZ0scUCm,https://api.spotify.com/v1/audio-analysis/7FJXmwkTvxEcAelZ0scUCm,227533,4
304,0.45,0.815,2,-5.619,1,0.0362,0.0201,4.61E-05,0.355,0.617,84.95,audio_features,1nZ6ZLqJ10L2gBmKcBR9hF,spotify:track:1nZ6ZLqJ10L2gBmKcBR9hF,https://api.spotify.com/v1/tracks/1nZ6ZLqJ10L2gBmKcBR9hF,https://api.spotify.com/v1/audio-analysis/1nZ6ZLqJ10L2gBmKcBR9hF,233800,4
305,0.401,0.706,8,-7.554,1,0.0404,0.00415,0,0.0916,0.458,168.669,audio_features,4l7YIni9bAiGwWMqK5wvgV,spotify:track:4l7YIni9bAiGwWMqK5wvgV,https://api.spotify.com/v1/tracks/4l7YIni9bAiGwWMqK5wvgV,https://api.spotify.com/v1/audio-analysis/4l7YIni9bAiGwWMqK5wvgV,239640,4
306,0.309,0.649,7,-8.994,1,0.035,0.0158,0.00591,0.367,0.312,166.915,audio_features,7EZC6E7UjZe63f1jRmkWxt,spotify:track:7EZC6E7UjZe63f1jRmkWxt,https://api.spotify.com/v1/tracks/7EZC6E7UjZe63f1jRmkWxt,https://api.spotify.com/v1/audio-analysis/7EZC6E7UjZe63f1jRmkWxt,306440,4
307,0.541,0.692,7,-7.056,1,0.0278,0.0409,0.000178,0.108,0.303,95.446,audio_features,0lfPPoWG4b3OmhieJ2YDF0,spotify:track:0lfPPoWG4b3OmhieJ2YDF0,https://api.spotify.com/v1/tracks/0lfPPoWG4b3OmhieJ2YDF0,https://api.spotify.com/v1/audio-analysis/0lfPPoWG4b3OmhieJ2YDF0,324840,4
308,0.617,0.886,9,-5.953,1,0.055,0.0112,9.63E-05,0.0523,0.629,96.328,audio_features,3i6qNxyVgIdUZTTi5m25EM,spotify:track:3i6qNxyVgIdUZTTi5m25EM,https://api.spotify.com/v1/tracks/3i6qNxyVgIdUZTTi5m25EM,https://api.spotify.com/v1/audio-analysis/3i6qNxyVgIdUZTTi5m25EM,252760,4
309,0.623,0.669,0,-9.985,1,0.0412,0.211,3.20E-06,0.111,0.492,94.028,audio_features,6CU0zWIWVTEnmWpSjVHM93,spotify:track:6CU0zWIWVTEnmWpSjVHM93,https://api.spotify.com/v1/tracks/6CU0zWIWVTEnmWpSjVHM93,https://api.spotify.com/v1/audio-analysis/6CU0zWIWVTEnmWpSjVHM93,245200,4
310,0.41,0.468,11,-8.177,1,0.0553,0.298,1.19E-05,0.0426,0.475,177.508,audio_features,5MDQNJ7SZTytJwCbWKqJDL,spotify:track:5MDQNJ7SZTytJwCbWKqJDL,https://api.spotify.com/v1/tracks/5MDQNJ7SZTytJwCbWKqJDL,https://api.spotify.com/v1/audio-analysis/5MDQNJ7SZTytJwCbWKqJDL,320027,4
311,0.657,0.655,0,-8.3,1,0.0248,0.135,0.00303,0.102,0.668,92.259,audio_features,2lE7oRoKssULAtbWViL385,spotify:track:2lE7oRoKssULAtbWViL385,https://api.spotify.com/v1/tracks/2lE7oRoKssULAtbWViL385,https://api.spotify.com/v1/audio-analysis/2lE7oRoKssULAtbWViL385,222013,4
312,0.551,0.643,4,-13.091,1,0.0353,0.00313,0.00385,0.421,0.514,128.661,audio_features,4JGKZS7h4Qa16gOU3oNETV,spotify:track:4JGKZS7h4Qa16gOU3oNETV,https://api.spotify.com/v1/tracks/4JGKZS7h4Qa16gOU3oNETV,https://api.spotify.com/v1/audio-analysis/4JGKZS7h4Qa16gOU3oNETV,271560,4
313,0.726,0.679,1,-6.219,1,0.0473,0.0149,1.49E-06,0.0837,0.751,107.02,audio_features,1yTQ39my3MoNROlFw3RDNy,spotify:track:1yTQ39my3MoNROlFw3RDNy,https://api.spotify.com/v1/tracks/1yTQ39my3MoNROlFw3RDNy,https://api.spotify.com/v1/audio-analysis/1yTQ39my3MoNROlFw3RDNy,235973,4
314,0.615,0.616,6,-10.39,0,0.133,0.0399,0.000129,0.348,0.836,170.776,audio_features,5NTZM8YYeKM2YsGSffVIge,spotify:track:5NTZM8YYeKM2YsGSffVIge,https://api.spotify.com/v1/tracks/5NTZM8YYeKM2YsGSffVIge,https://api.spotify.com/v1/audio-analysis/5NTZM8YYeKM2YsGSffVIge,235000,4
315,0.482,0.808,0,-7.176,1,0.065,0.0562,0,0.202,0.438,79.599,audio_features,735rjks7kQgWCjTQlIHMuH,spotify:track:735rjks7kQgWCjTQlIHMuH,https://api.spotify.com/v1/tracks/735rjks7kQgWCjTQlIHMuH,https://api.spotify.com/v1/audio-analysis/735rjks7kQgWCjTQlIHMuH,267293,4
316,0.646,0.665,6,-7.878,1,0.0268,0.326,1.97E-05,0.238,0.7,143.966,audio_features,36AWdhZIGLUTkWpJDhe7va,spotify:track:36AWdhZIGLUTkWpJDhe7va,https://api.spotify.com/v1/tracks/36AWdhZIGLUTkWpJDhe7va,https://api.spotify.com/v1/audio-analysis/36AWdhZIGLUTkWpJDhe7va,241027,4
317,0.581,0.825,4,-9.689,0,0.0373,0.000859,0.095,0.11,0.663,120.362,audio_features,3IrhUrZKAkJ8LsFtH71fOT,spotify:track:3IrhUrZKAkJ8LsFtH71fOT,https://api.spotify.com/v1/tracks/3IrhUrZKAkJ8LsFtH71fOT,https://api.spotify.com/v1/audio-analysis/3IrhUrZKAkJ8LsFtH71fOT,318667,4
318,0.725,0.583,1,-9.942,0,0.0427,0.3,0.000238,0.0665,0.762,79.984,audio_features,3yUcJwYu7fXAfqMj9krY6l,spotify:track:3yUcJwYu7fXAfqMj9krY6l,https://api.spotify.com/v1/tracks/3yUcJwYu7fXAfqMj9krY6l,https://api.spotify.com/v1/audio-analysis/3yUcJwYu7fXAfqMj9krY6l,218360,4
319,0.745,0.972,6,-5.598,1,0.0316,0.346,0,0.148,0.968,123.067,audio_features,4TQeNHx85xcP9YRkvJC6K1,spotify:track:4TQeNHx85xcP9YRkvJC6K1,https://api.spotify.com/v1/tracks/4TQeNHx85xcP9YRkvJC6K1,https://api.spotify.com/v1/audio-analysis/4TQeNHx85xcP9YRkvJC6K1,207787,4
320,0.586,0.777,5,-6.185,0,0.0303,4.78E-05,0.00147,0.0729,0.424,143.339,audio_features,0Ui05Ov0s4PnRc4JI3Pilg,spotify:track:0Ui05Ov0s4PnRc4JI3Pilg,https://api.spotify.com/v1/tracks/0Ui05Ov0s4PnRc4JI3Pilg,https://api.spotify.com/v1/audio-analysis/0Ui05Ov0s4PnRc4JI3Pilg,220468,4
321,0.674,0.659,8,-8.049,1,0.0277,0.00156,0.00765,0.108,0.697,99.768,audio_features,50JK22El2PTIzZBU2liLDI,spotify:track:50JK22El2PTIzZBU2liLDI,https://api.spotify.com/v1/tracks/50JK22El2PTIzZBU2liLDI,https://api.spotify.com/v1/audio-analysis/50JK22El2PTIzZBU2liLDI,243587,4
322,0.389,0.476,9,-9.342,1,0.0316,0.619,5.09E-05,0.255,0.566,148.117,audio_features,6txWz9UapYHVxEd7dDIHXT,spotify:track:6txWz9UapYHVxEd7dDIHXT,https://api.spotify.com/v1/tracks/6txWz9UapYHVxEd7dDIHXT,https://api.spotify.com/v1/audio-analysis/6txWz9UapYHVxEd7dDIHXT,217107,4
323,0.833,0.679,8,-4.496,1,0.0365,0.0834,0.00258,0.0769,0.975,109.916,audio_features,2ouURa1AIXp3AvkS52Jry5,spotify:track:2ouURa1AIXp3AvkS52Jry5,https://api.spotify.com/v1/tracks/2ouURa1AIXp3AvkS52Jry5,https://api.spotify.com/v1/audio-analysis/2ouURa1AIXp3AvkS52Jry5,219867,4
324,0.315,0.715,11,-8.072,0,0.0362,0.00125,7.97E-06,0.0942,0.497,155.925,audio_features,6Qyc6fS4DsZjB2mRW9DsQs,spotify:track:6Qyc6fS4DsZjB2mRW9DsQs,https://api.spotify.com/v1/tracks/6Qyc6fS4DsZjB2mRW9DsQs,https://api.spotify.com/v1/audio-analysis/6Qyc6fS4DsZjB2mRW9DsQs,289533,3
325,0.702,0.898,9,-6.003,1,0.0373,0.00854,0.000154,0.0917,0.731,112.845,audio_features,29hBRadFZf9QTGRHZmxm65,spotify:track:29hBRadFZf9QTGRHZmxm65,https://api.spotify.com/v1/tracks/29hBRadFZf9QTGRHZmxm65,https://api.spotify.com/v1/audio-analysis/29hBRadFZf9QTGRHZmxm65,169760,4
326,0.8,0.825,11,-6.552,0,0.034,0.0559,2.18E-06,0.141,0.903,100.035,audio_features,0Uqs7ilt5kGX9NzFDWTBrP,spotify:track:0Uqs7ilt5kGX9NzFDWTBrP,https://api.spotify.com/v1/tracks/0Uqs7ilt5kGX9NzFDWTBrP,https://api.spotify.com/v1/audio-analysis/0Uqs7ilt5kGX9NzFDWTBrP,232667,4
327,0.727,0.83,6,-6.658,0,0.0376,0.0226,0.00356,0.73,0.899,118.002,audio_features,1jI1aLmm5HTwiMtvsbwDJw,spotify:track:1jI1aLmm5HTwiMtvsbwDJw,https://api.spotify.com/v1/tracks/1jI1aLmm5HTwiMtvsbwDJw,https://api.spotify.com/v1/audio-analysis/1jI1aLmm5HTwiMtvsbwDJw,240707,4
328,0.772,0.705,0,-6.255,1,0.0411,0.247,0,0.23,0.834,124.908,audio_features,46q5BtHso0ECuTKeq70ZhW,spotify:track:46q5BtHso0ECuTKeq70ZhW,https://api.spotify.com/v1/tracks/46q5BtHso0ECuTKeq70ZhW,https://api.spotify.com/v1/audio-analysis/46q5BtHso0ECuTKeq70ZhW,225700,4
329,0.692,0.938,9,-6.767,1,0.0468,0.0046,0.00412,0.0631,0.67,104.887,audio_features,2HNZxbvFvasRtlOJ9M6DgR,spotify:track:2HNZxbvFvasRtlOJ9M6DgR,https://api.spotify.com/v1/tracks/2HNZxbvFvasRtlOJ9M6DgR,https://api.spotify.com/v1/audio-analysis/2HNZxbvFvasRtlOJ9M6DgR,238733,4
330,0.469,0.561,9,-7.596,1,0.0251,0.00871,5.05E-06,0.337,0.356,87.629,audio_features,39aRmixB9qNtCU2t8BmsC1,spotify:track:39aRmixB9qNtCU2t8BmsC1,https://api.spotify.com/v1/tracks/39aRmixB9qNtCU2t8BmsC1,https://api.spotify.com/v1/audio-analysis/39aRmixB9qNtCU2t8BmsC1,302787,4
331,0.332,0.214,4,-12.518,1,0.0349,0.845,5.62E-06,0.0839,0.11,67.531,audio_features,4eHbdreAnSOrDDsFfc4Fpm,spotify:track:4eHbdreAnSOrDDsFfc4Fpm,https://api.spotify.com/v1/tracks/4eHbdreAnSOrDDsFfc4Fpm,https://api.spotify.com/v1/audio-analysis/4eHbdreAnSOrDDsFfc4Fpm,271093,4
332,0.646,0.882,6,-5.648,0,0.0346,0.143,9.67E-06,0.335,0.908,120.837,audio_features,7IsEXPk6qqt30FfQv4SZMa,spotify:track:7IsEXPk6qqt30FfQv4SZMa,https://api.spotify.com/v1/tracks/7IsEXPk6qqt30FfQv4SZMa,https://api.spotify.com/v1/audio-analysis/7IsEXPk6qqt30FfQv4SZMa,257093,4
333,0.835,0.648,1,-8.15,1,0.0488,0.0202,0.225,0.308,0.674,99.701,audio_features,3uPfVXcjnpOjyzI3jb3js4,spotify:track:3uPfVXcjnpOjyzI3jb3js4,https://api.spotify.com/v1/tracks/3uPfVXcjnpOjyzI3jb3js4,https://api.spotify.com/v1/audio-analysis/3uPfVXcjnpOjyzI3jb3js4,244640,4
334,0.365,0.443,7,-10.11,1,0.0235,0.0472,1.44E-06,0.344,0.149,93.953,audio_features,5kcsc92tGAjS0uvhDY3Mok,spotify:track:5kcsc92tGAjS0uvhDY3Mok,https://api.spotify.com/v1/tracks/5kcsc92tGAjS0uvhDY3Mok,https://api.spotify.com/v1/audio-analysis/5kcsc92tGAjS0uvhDY3Mok,271533,4
335,0.549,0.651,5,-8.122,1,0.0265,0.0638,6.95E-05,0.0823,0.444,80.934,audio_features,2kyezitNXSQaIa1nsQRWVp,spotify:track:2kyezitNXSQaIa1nsQRWVp,https://api.spotify.com/v1/tracks/2kyezitNXSQaIa1nsQRWVp,https://api.spotify.com/v1/audio-analysis/2kyezitNXSQaIa1nsQRWVp,243960,4
336,0.587,0.872,7,-5.066,1,0.0484,0.018,0,0.622,0.735,159.925,audio_features,1OxcIUqVmVYxT6427tbhDW,spotify:track:1OxcIUqVmVYxT6427tbhDW,https://api.spotify.com/v1/tracks/1OxcIUqVmVYxT6427tbhDW,https://api.spotify.com/v1/audio-analysis/1OxcIUqVmVYxT6427tbhDW,221333,4
337,0.348,0.848,6,-4.674,0,0.0396,0.0454,0,0.143,0.486,162.189,audio_features,3QxKpdTB8ZSFn8MGeCCpsQ,spotify:track:3QxKpdTB8ZSFn8MGeCCpsQ,https://api.spotify.com/v1/tracks/3QxKpdTB8ZSFn8MGeCCpsQ,https://api.spotify.com/v1/audio-analysis/3QxKpdTB8ZSFn8MGeCCpsQ,316827,3
338,0.601,0.504,5,-9.761,1,0.0284,0.31,0,0.137,0.564,78.986,audio_features,6vcdzohhBSbNdsZBh5IRpQ,spotify:track:6vcdzohhBSbNdsZBh5IRpQ,https://api.spotify.com/v1/tracks/6vcdzohhBSbNdsZBh5IRpQ,https://api.spotify.com/v1/audio-analysis/6vcdzohhBSbNdsZBh5IRpQ,242267,4
339,0.467,0.526,1,-6.224,1,0.0966,0.595,0,0.108,0.483,165.818,audio_features,7KUQeMKdmZ1jCcT9iKZLe8,spotify:track:7KUQeMKdmZ1jCcT9iKZLe8,https://api.spotify.com/v1/tracks/7KUQeMKdmZ1jCcT9iKZLe8,https://api.spotify.com/v1/audio-analysis/7KUQeMKdmZ1jCcT9iKZLe8,178280,4
340,0.573,0.818,11,-4.469,1,0.0355,0.263,0,0.161,0.309,94.933,audio_features,4pextOBn0xoPnKf7qrDjWg,spotify:track:4pextOBn0xoPnKf7qrDjWg,https://api.spotify.com/v1/tracks/4pextOBn0xoPnKf7qrDjWg,https://api.spotify.com/v1/audio-analysis/4pextOBn0xoPnKf7qrDjWg,237373,4
341,0.711,0.292,4,-15.523,0,0.037,0.313,0,0.131,0.194,103.951,audio_features,2M9ro2krNb7nr7HSprkEgo,spotify:track:2M9ro2krNb7nr7HSprkEgo,https://api.spotify.com/v1/tracks/2M9ro2krNb7nr7HSprkEgo,https://api.spotify.com/v1/audio-analysis/2M9ro2krNb7nr7HSprkEgo,296800,4
342,0.607,0.82,11,-7.754,1,0.0597,0.0541,6.80E-05,0.269,0.768,126.988,audio_features,5OQGeJ1ceykovrykZsGhqL,spotify:track:5OQGeJ1ceykovrykZsGhqL,https://api.spotify.com/v1/tracks/5OQGeJ1ceykovrykZsGhqL,https://api.spotify.com/v1/audio-analysis/5OQGeJ1ceykovrykZsGhqL,207507,4
343,0.476,0.658,6,-6.737,0,0.0281,0.2,0.00155,0.0635,0.357,97.527,audio_features,0oPZm6DNVj4rv5uGOw2w7q,spotify:track:0oPZm6DNVj4rv5uGOw2w7q,https://api.spotify.com/v1/tracks/0oPZm6DNVj4rv5uGOw2w7q,https://api.spotify.com/v1/audio-analysis/0oPZm6DNVj4rv5uGOw2w7q,279467,4
344,0.61,0.497,9,-9.88,1,0.0279,0.32,6.11E-05,0.0884,0.739,85.031,audio_features,6nozDLxeL0TE4MS9GqYU1v,spotify:track:6nozDLxeL0TE4MS9GqYU1v,https://api.spotify.com/v1/tracks/6nozDLxeL0TE4MS9GqYU1v,https://api.spotify.com/v1/audio-analysis/6nozDLxeL0TE4MS9GqYU1v,250360,4
345,0.423,0.598,5,-7.443,1,0.0268,0.641,1.24E-06,0.34,0.521,151.972,audio_features,6csX1JjmeoLhGqMBXGnZF0,spotify:track:6csX1JjmeoLhGqMBXGnZF0,https://api.spotify.com/v1/tracks/6csX1JjmeoLhGqMBXGnZF0,https://api.spotify.com/v1/audio-analysis/6csX1JjmeoLhGqMBXGnZF0,265133,3
346,0.66,0.711,5,-10.211,1,0.0334,0.181,7.47E-06,0.0647,0.726,109.328,audio_features,6oNvmplQGUkmAh441Teows,spotify:track:6oNvmplQGUkmAh441Teows,https://api.spotify.com/v1/tracks/6oNvmplQGUkmAh441Teows,https://api.spotify.com/v1/audio-analysis/6oNvmplQGUkmAh441Teows,227640,4
347,0.678,0.928,6,-6.139,0,0.049,3.62E-05,0.023,0.272,0.882,122.116,audio_features,76gbXfMpFoZJGkPgxgzvFt,spotify:track:76gbXfMpFoZJGkPgxgzvFt,https://api.spotify.com/v1/tracks/76gbXfMpFoZJGkPgxgzvFt,https://api.spotify.com/v1/audio-analysis/76gbXfMpFoZJGkPgxgzvFt,171680,4
348,0.898,0.648,7,-8.779,1,0.0869,0.0402,0.0377,0.0611,0.724,123.096,audio_features,2nnU5UH4paoRkWCC7fSR2P,spotify:track:2nnU5UH4paoRkWCC7fSR2P,https://api.spotify.com/v1/tracks/2nnU5UH4paoRkWCC7fSR2P,https://api.spotify.com/v1/audio-analysis/2nnU5UH4paoRkWCC7fSR2P,248667,4
349,0.73,0.698,1,-5.629,0,0.0288,0.0324,0,0.0928,0.603,115.033,audio_features,7aOGFnnVDivtRO1PrYhx64,spotify:track:7aOGFnnVDivtRO1PrYhx64,https://api.spotify.com/v1/tracks/7aOGFnnVDivtRO1PrYhx64,https://api.spotify.com/v1/audio-analysis/7aOGFnnVDivtRO1PrYhx64,200293,4
350,0.636,0.848,1,-6.854,1,0.0362,0.000339,0.0402,0.141,0.934,104.073,audio_features,5VYTKiOnHw4iTrB9pG3yum,spotify:track:5VYTKiOnHw4iTrB9pG3yum,https://api.spotify.com/v1/tracks/5VYTKiOnHw4iTrB9pG3yum,https://api.spotify.com/v1/audio-analysis/5VYTKiOnHw4iTrB9pG3yum,209813,4
351,0.652,0.917,6,-6.72,1,0.0548,0.0082,0,0.0509,0.459,132.975,audio_features,2goLsvvODILDzeeiT4dAoR,spotify:track:2goLsvvODILDzeeiT4dAoR,https://api.spotify.com/v1/tracks/2goLsvvODILDzeeiT4dAoR,https://api.spotify.com/v1/audio-analysis/2goLsvvODILDzeeiT4dAoR,239027,4
352,0.452,0.909,9,-3.977,1,0.0366,0.0313,0.0603,0.23,0.805,124.623,audio_features,1v2zyAJrChw5JnfafSkwkJ,spotify:track:1v2zyAJrChw5JnfafSkwkJ,https://api.spotify.com/v1/tracks/1v2zyAJrChw5JnfafSkwkJ,https://api.spotify.com/v1/audio-analysis/1v2zyAJrChw5JnfafSkwkJ,225787,4
353,0.561,0.909,3,-7.878,1,0.0312,0.00118,0.46,0.0713,0.71,127.172,audio_features,4Fpsa3pYc3gozrxHRRPvR6,spotify:track:4Fpsa3pYc3gozrxHRRPvR6,https://api.spotify.com/v1/tracks/4Fpsa3pYc3gozrxHRRPvR6,https://api.spotify.com/v1/audio-analysis/4Fpsa3pYc3gozrxHRRPvR6,320693,4
354,0.513,0.82,7,-5.428,1,0.0299,0.00192,2.83E-06,0.504,0.52,99.952,audio_features,2LVxvGhl2U5p2ql2ujc6vZ,spotify:track:2LVxvGhl2U5p2ql2ujc6vZ,https://api.spotify.com/v1/tracks/2LVxvGhl2U5p2ql2ujc6vZ,https://api.spotify.com/v1/audio-analysis/2LVxvGhl2U5p2ql2ujc6vZ,269400,4
355,0.699,0.618,7,-7.338,1,0.0594,0.0502,0.000925,0.0914,0.679,99.965,audio_features,23EhTCPRTlLVM6VQUyh8bH,spotify:track:23EhTCPRTlLVM6VQUyh8bH,https://api.spotify.com/v1/tracks/23EhTCPRTlLVM6VQUyh8bH,https://api.spotify.com/v1/audio-analysis/23EhTCPRTlLVM6VQUyh8bH,280973,4
356,0.841,0.975,1,-7.377,1,0.0795,0.0445,0.739,0.314,0.765,123.883,audio_features,3IBDXz8f3k78Tb46ipwQau,spotify:track:3IBDXz8f3k78Tb46ipwQau,https://api.spotify.com/v1/tracks/3IBDXz8f3k78Tb46ipwQau,https://api.spotify.com/v1/audio-analysis/3IBDXz8f3k78Tb46ipwQau,353400,4
357,0.713,0.234,1,-17.876,0,0.911,0.546,0,0.246,0.388,97.483,audio_features,0LpF3BJplNYWei6BmgZJwq,spotify:track:0LpF3BJplNYWei6BmgZJwq,https://api.spotify.com/v1/tracks/0LpF3BJplNYWei6BmgZJwq,https://api.spotify.com/v1/audio-analysis/0LpF3BJplNYWei6BmgZJwq,133400,4
358,0.725,0.851,10,-5.864,0,0.0489,0.127,0,0.117,0.961,125.01,audio_features,54m5HrUjtbaeLQ7RX5Ilk1,spotify:track:54m5HrUjtbaeLQ7RX5Ilk1,https://api.spotify.com/v1/tracks/54m5HrUjtbaeLQ7RX5Ilk1,https://api.spotify.com/v1/audio-analysis/54m5HrUjtbaeLQ7RX5Ilk1,238642,5
359,0.863,0.543,6,-13.497,1,0.13,0.0507,0,0.241,0.799,106.929,audio_features,6hTBP6QLwJdxbKyLlLXrGo,spotify:track:6hTBP6QLwJdxbKyLlLXrGo,https://api.spotify.com/v1/tracks/6hTBP6QLwJdxbKyLlLXrGo,https://api.spotify.com/v1/audio-analysis/6hTBP6QLwJdxbKyLlLXrGo,213267,4
360,0.705,0.872,11,-3.557,0,0.126,0.0618,0,0.227,0.75,93.628,audio_features,2QsoVMTKj5m5kgztTOep98,spotify:track:2QsoVMTKj5m5kgztTOep98,https://api.spotify.com/v1/tracks/2QsoVMTKj5m5kgztTOep98,https://api.spotify.com/v1/audio-analysis/2QsoVMTKj5m5kgztTOep98,207040,4
361,0.802,0.903,11,-3.267,0,0.046,0.0011,0,0.173,0.96,128.93,audio_features,02jcEwywffn3Tsb48fXmlW,spotify:track:02jcEwywffn3Tsb48fXmlW,https://api.spotify.com/v1/tracks/02jcEwywffn3Tsb48fXmlW,https://api.spotify.com/v1/audio-analysis/02jcEwywffn3Tsb48fXmlW,192533,4
362,0.414,0.853,11,-4.198,1,0.0453,0.0181,0.0012,0.049,0.624,93.77,audio_features,5huLMzIzFEdVcvEzt2hfk1,spotify:track:5huLMzIzFEdVcvEzt2hfk1,https://api.spotify.com/v1/tracks/5huLMzIzFEdVcvEzt2hfk1,https://api.spotify.com/v1/audio-analysis/5huLMzIzFEdVcvEzt2hfk1,171693,4
363,0.815,0.605,5,-9.118,0,0.0368,0.033,0.684,0.114,0.795,102.642,audio_features,3UBItNVbFQiVC5hBQlBvnr,spotify:track:3UBItNVbFQiVC5hBQlBvnr,https://api.spotify.com/v1/tracks/3UBItNVbFQiVC5hBQlBvnr,https://api.spotify.com/v1/audio-analysis/3UBItNVbFQiVC5hBQlBvnr,259893,4
364,0.734,0.735,7,-6.201,1,0.065,0.000813,3.25E-05,0.559,0.729,96.806,audio_features,0eO8MW9YSTK3CjdaTYKlhF,spotify:track:0eO8MW9YSTK3CjdaTYKlhF,https://api.spotify.com/v1/tracks/0eO8MW9YSTK3CjdaTYKlhF,https://api.spotify.com/v1/audio-analysis/0eO8MW9YSTK3CjdaTYKlhF,246200,4
365,0.284,0.875,11,-6.069,0,0.0422,0.00752,0.000461,0.402,0.595,75.009,audio_features,1L94M3KIu7QluZe63g64rv,spotify:track:1L94M3KIu7QluZe63g64rv,https://api.spotify.com/v1/tracks/1L94M3KIu7QluZe63g64rv,https://api.spotify.com/v1/audio-analysis/1L94M3KIu7QluZe63g64rv,340907,4
